2026-03-24 13:57:49,873 [INFO] DB 초기화 완료: shorttrack_players.db
2026-03-24 13:57:50,228 [INFO] 대회: 202514413 (toCd=202514413)
2026-03-24 13:57:50,898 [INFO] 세부종목 42개 조회
2026-03-24 13:57:51,399 [INFO] ▶ 종별=남자중학부, 종목=500M
2026-03-24 13:57:52,056 [INFO]     라운드 시도: 예선 (rhCd=1)
2026-03-24 13:57:52,617 [INFO]     ✘ 선수 0명 → 다음 라운드로
2026-03-24 13:57:52,618 [INFO]     라운드 시도: 예선 (rhCd=1)
2026-03-24 13:57:53,184 [INFO]     ✘ 선수 0명 → 다음 라운드로
2026-03-24 13:57:53,184 [INFO]     라운드 시도: 예선 (rhCd=1)
2026-03-24 13:57:53,742 [INFO]     ✘ 선수 0명 → 다음 라운드로
2026-03-24 13:57:53,742 [INFO]     라운드 시도: 예선 (rhCd=1)
2026-03-24 13:57:54,306 [INFO]     ✘ 선수 0명 → 다음 라운드로
2026-03-24 13:57:54,306 [INFO]     라운드 시도: 예선 (rhCd=1)
2026-03-24 13:57:54,878 [INFO]     ✘ 선수 0명 → 다음 라운드로
2026-03-24 13:57:54,878 [INFO]     라운드 시도: 예선 (rhCd=1)
2026-03-24 13:57:55,443 [INFO]     ✘ 선수 0명 → 다음 라운드로
2026-03-24 13:57:55,444 [INFO]     라운드 시도: 예선 (rhCd=1)
2026-03-24 13:57:56,013 [INFO]     ✘ 선수 0명 → 다음 라운드로
2026-03-24 13:57:56,013 [INFO]     라운드 시도: 예선 (rhCd=1)
2026-03-24 13:57:56,581 [INFO]     ✘ 선수 0명 → 다음 라운드로
2026-03-24 13:57:56,582 [INFO]     라운드 시도: 준준결승 (rhCd=4)
2026-03-24 13:57:57,143 [INFO]     ✘ 선수 0명 → 다음 라운드로
2026-03-24 13:57:57,143 [INFO]     라운드 시도: 준준결승 (rhCd=4)
2026-03-24 13:57:57,710 [INFO]     ✘ 선수 0명 → 다음 라운드로
2026-03-24 13:57:57,710 [INFO]     라운드 시도: 준준결승 (rhCd=4)
2026-03-24 13:57:58,276 [INFO]     ✘ 선수 0명 → 다음 라운드로
2026-03-24 13:57:58,276 [INFO]     라운드 시도: 준준결승 (rhCd=4)
2026-03-24 13:57:58,848 [INFO]     ✘ 선수 0명 → 다음 라운드로
2026-03-24 13:57:58,849 [INFO]     라운드 시도: 준준결승 (rhCd=4)
2026-03-24 13:57:59,426 [INFO]     ✔ 유효 라운드 확정: 준준결승 → 선수 19명
2026-03-24 13:57:59,426 [INFO]   채택 라운드: 준준결승 | 선수 19명
2026-03-24 13:58:00,989 [INFO]   NEW: 김태환 (202011000671) 이력 88건
2026-03-24 13:58:02,480 [INFO]   NEW: 이세움 (202111001434) 이력 66건
2026-03-24 13:58:04,098 [INFO]   NEW: 김윤후 (202007001184) 이력 83건
2026-03-24 13:58:06,375 [INFO]   NEW: 최준호 (202008001015) 이력 107건
2026-03-24 13:58:08,579 [INFO]   NEW: 이규민 (202011003044) 이력 136건
2026-03-24 13:58:11,264 [INFO]   NEW: 김준영 (201908000824) 이력 168건
2026-03-24 13:58:13,425 [INFO]   NEW: 신윤철 (201907003579) 이력 130건
2026-03-24 13:58:15,913 [INFO]   NEW: 박지환 (201908000135) 이력 186건
2026-03-24 13:58:17,478 [INFO]   NEW: 이준우 (202105003097) 이력 90건
2026-03-24 13:58:19,831 [INFO]   NEW: 장훈 (202011000118) 이력 149건
2026-03-24 13:58:21,877 [INFO]   NEW: 김지환 (202010003462) 이력 133건
2026-03-24 13:58:24,052 [INFO]   NEW: 김도윤 (202011000433) 이력 140건
2026-03-24 13:58:26,330 [INFO]   NEW: 한호 (201908001390) 이력 120건
2026-03-24 13:58:27,673 [INFO]   NEW: 송하람 (202208021414) 이력 71건
2026-03-24 13:58:29,244 [INFO]   NEW: 지상우 (202207004163) 이력 101건
2026-03-24 13:58:31,635 [INFO]   NEW: 최승완 (202102004144) 이력 163건
2026-03-24 13:58:33,614 [INFO]   NEW: 우서진 (202008002993) 이력 130건
2026-03-24 13:58:35,655 [INFO]   NEW: 정지흔 (202012000996) 이력 95건
2026-03-24 13:58:37,457 [INFO]   NEW: 배정준 (202207002793) 이력 107건
2026-03-24 13:58:37,461 [INFO]   완료: 신규=19, 중복skip=0
2026-03-24 13:58:37,461 [INFO] ▶ 종별=남자중학부, 종목=1000M
2026-03-24 13:58:38,177 [INFO]     라운드 시도: 예선 (rhCd=1)
2026-03-24 13:58:38,755 [INFO]     ✘ 선수 0명 → 다음 라운드로
2026-03-24 13:58:38,756 [INFO]     라운드 시도: 예선 (rhCd=1)
2026-03-24 13:58:39,317 [INFO]     ✘ 선수 0명 → 다음 라운드로
2026-03-24 13:58:39,317 [INFO]     라운드 시도: 예선 (rhCd=1)
2026-03-24 13:58:39,887 [INFO]     ✘ 선수 0명 → 다음 라운드로
2026-03-24 13:58:39,888 [INFO]     라운드 시도: 예선 (rhCd=1)
2026-03-24 13:58:40,459 [INFO]     ✘ 선수 0명 → 다음 라운드로
2026-03-24 13:58:40,460 [INFO]     라운드 시도: 예선 (rhCd=1)
2026-03-24 13:58:41,033 [INFO]     ✘ 선수 0명 → 다음 라운드로
2026-03-24 13:58:41,033 [INFO]     라운드 시도: 예선 (rhCd=1)
2026-03-24 13:58:41,599 [INFO]     ✘ 선수 0명 → 다음 라운드로
2026-03-24 13:58:41,599 [INFO]     라운드 시도: 예선 (rhCd=1)
2026-03-24 13:58:42,174 [INFO]     ✘ 선수 0명 → 다음 라운드로
2026-03-24 13:58:42,174 [INFO]     라운드 시도: 예선 (rhCd=1)
2026-03-24 13:58:42,751 [INFO]     ✘ 선수 0명 → 다음 라운드로
2026-03-24 13:58:42,751 [INFO]     라운드 시도: 준준결승 (rhCd=4)
2026-03-24 13:58:43,324 [INFO]     ✘ 선수 0명 → 다음 라운드로
2026-03-24 13:58:43,324 [INFO]     라운드 시도: 준준결승 (rhCd=4)
2026-03-24 13:58:43,889 [INFO]     ✘ 선수 0명 → 다음 라운드로
2026-03-24 13:58:43,890 [INFO]     라운드 시도: 준준결승 (rhCd=4)
2026-03-24 13:58:44,462 [INFO]     ✘ 선수 0명 → 다음 라운드로
2026-03-24 13:58:44,462 [INFO]     라운드 시도: 준준결승 (rhCd=4)
2026-03-24 13:58:45,040 [INFO]     ✘ 선수 0명 → 다음 라운드로
2026-03-24 13:58:45,040 [INFO]     라운드 시도: 준준결승 (rhCd=4)
2026-03-24 13:58:45,674 [INFO]     ✔ 유효 라운드 확정: 준준결승 → 선수 19명
2026-03-24 13:58:45,675 [INFO]   채택 라운드: 준준결승 | 선수 19명
2026-03-24 13:58:45,690 [INFO]   완료: 신규=0, 중복skip=19
2026-03-24 13:58:45,691 [INFO] ▶ 종별=남자중학부, 종목=1500M
2026-03-24 13:58:46,411 [INFO]     라운드 시도: 예선 (rhCd=1)
2026-03-24 13:58:46,990 [INFO]     ✘ 선수 0명 → 다음 라운드로
2026-03-24 13:58:46,990 [INFO]     라운드 시도: 예선 (rhCd=1)
2026-03-24 13:58:47,569 [INFO]     ✘ 선수 0명 → 다음 라운드로
2026-03-24 13:58:47,569 [INFO]     라운드 시도: 예선 (rhCd=1)
2026-03-24 13:58:48,137 [INFO]     ✘ 선수 0명 → 다음 라운드로
2026-03-24 13:58:48,138 [INFO]     라운드 시도: 예선 (rhCd=1)
2026-03-24 13:58:48,704 [INFO]     ✘ 선수 0명 → 다음 라운드로
2026-03-24 13:58:48,705 [INFO]     라운드 시도: 예선 (rhCd=1)
2026-03-24 13:58:49,281 [INFO]     ✘ 선수 0명 → 다음 라운드로
2026-03-24 13:58:49,282 [INFO]     라운드 시도: 예선 (rhCd=1)
2026-03-24 13:58:49,855 [INFO]     ✘ 선수 0명 → 다음 라운드로
2026-03-24 13:58:49,855 [INFO]     라운드 시도: 예선 (rhCd=1)
2026-03-24 13:58:50,433 [INFO]     ✘ 선수 0명 → 다음 라운드로
2026-03-24 13:58:50,433 [INFO]     라운드 시도: 예선 (rhCd=1)
2026-03-24 13:58:51,002 [INFO]     ✘ 선수 0명 → 다음 라운드로
2026-03-24 13:58:51,003 [INFO]     라운드 시도: 준준결승 (rhCd=4)
2026-03-24 13:58:51,583 [INFO]     ✘ 선수 0명 → 다음 라운드로
2026-03-24 13:58:51,583 [INFO]     라운드 시도: 준준결승 (rhCd=4)
2026-03-24 13:58:52,155 [INFO]     ✘ 선수 0명 → 다음 라운드로
2026-03-24 13:58:52,156 [INFO]     라운드 시도: 준준결승 (rhCd=4)
2026-03-24 13:58:52,728 [INFO]     ✘ 선수 0명 → 다음 라운드로
2026-03-24 13:58:52,729 [INFO]     라운드 시도: 준준결승 (rhCd=4)
2026-03-24 13:58:53,304 [INFO]     ✘ 선수 0명 → 다음 라운드로
2026-03-24 13:58:53,304 [INFO]     라운드 시도: 준준결승 (rhCd=4)
2026-03-24 13:58:53,903 [INFO]     ✔ 유효 라운드 확정: 준준결승 → 선수 19명
2026-03-24 13:58:53,904 [INFO]   채택 라운드: 준준결승 | 선수 19명
2026-03-24 13:58:53,919 [INFO]   완료: 신규=0, 중복skip=19
2026-03-24 13:58:53,919 [INFO] ▶ 종별=남자고등부, 종목=500M
2026-03-24 13:58:54,648 [INFO]     라운드 시도: 예선 (rhCd=1)
2026-03-24 13:58:55,256 [INFO]     ✔ 유효 라운드 확정: 예선 → 선수 30명
2026-03-24 13:58:55,256 [INFO]   채택 라운드: 예선 | 선수 30명
2026-03-24 13:58:58,876 [INFO]   NEW: 이윤석 (201705001655) 이력 306건
2026-03-24 13:59:00,643 [INFO]   NEW: 서지우 (202006004190) 이력 59건
2026-03-24 13:59:01,918 [INFO]   NEW: 조예준 (202305010576) 이력 61건
2026-03-24 13:59:03,592 [INFO]   NEW: 라성윤 (201905002801) 이력 82건
2026-03-24 13:59:05,512 [INFO]   NEW: 문예준 (202105001993) 이력 94건
2026-03-24 13:59:08,141 [INFO]   NEW: 김민찬 (201805000883) 이력 154건
2026-03-24 13:59:09,915 [INFO]   NEW: 황인우 (201810000975) 이력 72건
2026-03-24 13:59:11,713 [INFO]   NEW: 허재영 (201902003136) 이력 77건
2026-03-24 13:59:13,544 [INFO]   NEW: 이준재 (202210008101) 이력 71건
2026-03-24 13:59:15,650 [INFO]   NEW: 서민재 (201908000575) 이력 77건
2026-03-24 13:59:19,152 [INFO]   NEW: 최재훈 (201809000707) 이력 222건
2026-03-24 13:59:21,480 [INFO]   NEW: 노동탁 (201905001282) 이력 172건
2026-03-24 13:59:23,935 [INFO]   NEW: 권유현 (201908000370) 이력 175건
2026-03-24 13:59:25,789 [INFO]   NEW: 홍태양 (202005000125) 이력 81건
2026-03-24 13:59:28,507 [INFO]   NEW: 박주원 (201705002733) 이력 162건
2026-03-24 13:59:31,721 [INFO]   NEW: 이비호 (201705001849) 이력 213건
2026-03-24 13:59:35,060 [INFO]   NEW: 양유준 (201609001878) 이력 211건
2026-03-24 13:59:39,341 [INFO]   NEW: 박찬욱 (201610000691) 이력 225건
2026-03-24 13:59:42,959 [INFO]   NEW: 국대헌 (201609000517) 이력 212건
2026-03-24 13:59:45,675 [INFO]   NEW: 이규빈 (202007000151) 이력 147건
2026-03-24 13:59:49,482 [INFO]   NEW: 김시우 (201610001014) 이력 242건
2026-03-24 13:59:51,849 [INFO]   NEW: 금민준 (202006001657) 이력 123건
2026-03-24 13:59:54,463 [INFO]   NEW: 주혜성 (201810000019) 이력 155건
2026-03-24 13:59:56,249 [INFO]   NEW: 김지민 (201908000389) 이력 117건
2026-03-24 13:59:58,329 [INFO]   NEW: 서경윤 (202008004173) 이력 95건
2026-03-24 14:00:00,823 [INFO]   NEW: 이준원 (202010002901) 이력 164건
2026-03-24 14:00:03,810 [INFO]   NEW: 정예건 (201711001260) 이력 132건
2026-03-24 14:00:05,651 [INFO]   NEW: 이선우 (202008003999) 이력 119건
2026-03-24 14:00:08,299 [INFO]   NEW: 조우진 (201810000948) 이력 159건
2026-03-24 14:00:11,257 [INFO]   NEW: 정현우 (201810000827) 이력 178건
2026-03-24 14:00:11,262 [INFO]   완료: 신규=30, 중복skip=0
2026-03-24 14:00:11,262 [INFO] ▶ 종별=남자고등부, 종목=1000M
2026-03-24 14:00:11,971 [INFO]     라운드 시도: 예선 (rhCd=1)
2026-03-24 14:00:12,592 [INFO]     ✔ 유효 라운드 확정: 예선 → 선수 30명
2026-03-24 14:00:12,593 [INFO]   채택 라운드: 예선 | 선수 30명
2026-03-24 14:00:12,610 [INFO]   완료: 신규=0, 중복skip=30
2026-03-24 14:00:12,610 [INFO] ▶ 종별=남자고등부, 종목=1500M
2026-03-24 14:00:13,326 [INFO]     라운드 시도: 예선 (rhCd=1)
2026-03-24 14:00:13,929 [INFO]     ✔ 유효 라운드 확정: 예선 → 선수 30명
2026-03-24 14:00:13,930 [INFO]   채택 라운드: 예선 | 선수 30명
2026-03-24 14:00:13,945 [INFO]   완료: 신규=0, 중복skip=30
2026-03-24 14:00:13,945 [INFO] ▶ 종별=남자대학부, 종목=500M
2026-03-24 14:00:14,665 [INFO]     라운드 시도: 예선 (rhCd=1)
2026-03-24 14:00:15,274 [INFO]     ✔ 유효 라운드 확정: 예선 → 선수 24명
2026-03-24 14:00:15,275 [INFO]   채택 라운드: 예선 | 선수 24명
2026-03-24 14:00:21,146 [INFO]   NEW: 구민승 (201310000592) 이력 313건
2026-03-24 14:00:24,687 [INFO]   NEW: 진동혁 (201510000757) 이력 234건
2026-03-24 14:00:29,182 [INFO]   NEW: 최성혁 (201109002774) 이력 299건
2026-03-24 14:00:34,221 [INFO]   NEW: 한병찬 (201309001557) 이력 322건
2026-03-24 14:00:37,769 [INFO]   NEW: 김유성 (201505002427) 이력 276건
2026-03-24 14:00:42,862 [INFO]   NEW: 이규호 (201310001596) 이력 335건
2026-03-24 14:00:48,369 [INFO]   NEW: 남윤창 (201105000916) 이력 366건
2026-03-24 14:00:53,164 [INFO]   NEW: 이동민 (201509000195) 이력 382건
2026-03-24 14:00:56,464 [INFO]   NEW: 김기현 (201609001501) 이력 238건
2026-03-24 14:00:59,505 [INFO]   NEW: 장윤성 (201511002846) 이력 192건
2026-03-24 14:01:03,419 [INFO]   NEW: 김상우 (201504001485) 이력 219건
2026-03-24 14:01:06,444 [INFO]   NEW: 주재희 (201805002588) 이력 244건
2026-03-24 14:01:11,177 [INFO]   NEW: 이선호 (201110000266) 이력 373건
2026-03-24 14:01:14,822 [INFO]   NEW: 최원석 (201511001685) 이력 251건
2026-03-24 14:01:19,211 [INFO]   NEW: 이광호 (201310001597) 이력 295건
2026-03-24 14:01:22,514 [INFO]   NEW: 박서준 (201607004166) 이력 331건
2026-03-24 14:01:26,112 [INFO]   NEW: 이종훈 (201411000631) 이력 249건
2026-03-24 14:01:29,986 [INFO]   NEW: 김원빈 (201608001508) 이력 272건
2026-03-24 14:01:34,562 [INFO]   NEW: 김민서 (201110001900) 이력 296건
2026-03-24 14:01:37,891 [INFO]   NEW: 이정민 (201607004345) 이력 189건
2026-03-24 14:01:42,310 [INFO]   NEW: 김민우 (201609000295) 이력 293건
2026-03-24 14:01:45,655 [INFO]   NEW: 이성민 (201609000220) 이력 180건
2026-03-24 14:01:49,274 [INFO]   NEW: 이승훈 (201310000628) 이력 212건
2026-03-24 14:01:54,639 [INFO]   NEW: 이동현 (201109002709) 이력 431건
2026-03-24 14:01:54,644 [INFO]   완료: 신규=24, 중복skip=0
2026-03-24 14:01:54,644 [INFO] ▶ 종별=남자대학부, 종목=1000M
2026-03-24 14:01:55,441 [INFO]     라운드 시도: 예선 (rhCd=1)
2026-03-24 14:01:56,078 [INFO]     ✔ 유효 라운드 확정: 예선 → 선수 24명
2026-03-24 14:01:56,079 [INFO]   채택 라운드: 예선 | 선수 24명
2026-03-24 14:01:56,096 [INFO]   완료: 신규=0, 중복skip=24
2026-03-24 14:01:56,096 [INFO] ▶ 종별=남자대학부, 종목=1500M
2026-03-24 14:01:56,890 [INFO]     라운드 시도: 예선 (rhCd=1)
2026-03-24 14:01:57,503 [INFO]     ✔ 유효 라운드 확정: 예선 → 선수 24명
2026-03-24 14:01:57,503 [INFO]   채택 라운드: 예선 | 선수 24명
2026-03-24 14:01:57,518 [INFO]   완료: 신규=0, 중복skip=24
2026-03-24 14:01:57,518 [INFO] ▶ 종별=남자일반부, 종목=500M
2026-03-24 14:01:58,259 [INFO]     라운드 시도: 예선 (rhCd=1)
2026-03-24 14:01:58,839 [INFO]     ✘ 선수 0명 → 다음 라운드로
2026-03-24 14:01:58,839 [INFO]     라운드 시도: 예선 (rhCd=1)
2026-03-24 14:01:59,411 [INFO]     ✘ 선수 0명 → 다음 라운드로
2026-03-24 14:01:59,412 [INFO]     라운드 시도: 예선 (rhCd=1)
2026-03-24 14:01:59,986 [INFO]     ✘ 선수 0명 → 다음 라운드로
2026-03-24 14:01:59,986 [INFO]     라운드 시도: 예선 (rhCd=1)
2026-03-24 14:02:00,565 [INFO]     ✘ 선수 0명 → 다음 라운드로
2026-03-24 14:02:00,566 [INFO]     라운드 시도: 예선 (rhCd=1)
2026-03-24 14:02:01,140 [INFO]     ✘ 선수 0명 → 다음 라운드로
2026-03-24 14:02:01,141 [INFO]     라운드 시도: 예선 (rhCd=1)
2026-03-24 14:02:01,720 [INFO]     ✘ 선수 0명 → 다음 라운드로
2026-03-24 14:02:01,720 [INFO]     라운드 시도: 예선 (rhCd=1)
2026-03-24 14:02:02,289 [INFO]     ✘ 선수 0명 → 다음 라운드로
2026-03-24 14:02:02,289 [INFO]     라운드 시도: 예선 (rhCd=1)
2026-03-24 14:02:02,864 [INFO]     ✘ 선수 0명 → 다음 라운드로
2026-03-24 14:02:02,864 [INFO]     라운드 시도: 준준결승 (rhCd=4)
2026-03-24 14:02:03,433 [INFO]     ✘ 선수 0명 → 다음 라운드로
2026-03-24 14:02:03,433 [INFO]     라운드 시도: 준준결승 (rhCd=4)
2026-03-24 14:02:04,006 [INFO]     ✘ 선수 0명 → 다음 라운드로
2026-03-24 14:02:04,006 [INFO]     라운드 시도: 준준결승 (rhCd=4)
2026-03-24 14:02:04,587 [INFO]     ✘ 선수 0명 → 다음 라운드로
2026-03-24 14:02:04,588 [INFO]     라운드 시도: 준준결승 (rhCd=4)
2026-03-24 14:02:05,161 [INFO]     ✘ 선수 0명 → 다음 라운드로
2026-03-24 14:02:05,162 [INFO]     라운드 시도: 준준결승 (rhCd=4)
2026-03-24 14:02:05,769 [INFO]     ✔ 유효 라운드 확정: 준준결승 → 선수 18명
2026-03-24 14:02:05,769 [INFO]   채택 라운드: 준준결승 | 선수 18명
2026-03-24 14:02:11,591 [INFO]   NEW: 홍인규 (201011000309) 이력 421건
2026-03-24 14:02:16,994 [INFO]   NEW: 박장혁 (200612002729) 이력 468건
2026-03-24 14:02:22,094 [INFO]   NEW: 정원식 (200810000419) 이력 408건
2026-03-24 14:02:26,593 [INFO]   NEW: 이도규 (201309001619) 이력 346건
2026-03-24 14:02:30,852 [INFO]   NEW: 박건녕 (201608001420) 이력 288건
2026-03-24 14:02:34,876 [INFO]   NEW: 서이라 (200409015614) 이력 337건
2026-03-24 14:02:39,754 [INFO]   NEW: 이성우 (201108002856) 이력 366건
2026-03-24 14:02:44,809 [INFO]   NEW: 서범석 (200807001855) 이력 354건
2026-03-24 14:02:48,269 [INFO]   NEW: 윤선회 (201304000819) 이력 214건
2026-03-24 14:02:53,097 [INFO]   NEW: 이은재 (201409002284) 이력 351건
2026-03-24 14:02:58,903 [INFO]   NEW: 홍경환 (201007000665) 이력 494건
2026-03-24 14:03:03,217 [INFO]   NEW: 박노원 (200812000529) 이력 357건
2026-03-24 14:03:06,801 [INFO]   NEW: 김한별 (201110001683) 이력 206건
2026-03-24 14:03:10,718 [INFO]   NEW: 심준철 (201208001307) 이력 300건
2026-03-24 14:03:15,534 [INFO]   NEW: 박지원 (200605000338) 이력 475건
2026-03-24 14:03:20,534 [INFO]   NEW: 배서찬 (201210000677) 이력 320건
2026-03-24 14:03:26,577 [INFO]   NEW: 김동욱 (200409016251) 이력 437건
2026-03-24 14:03:31,523 [INFO]   NEW: 김태성 (201208001141) 이력 440건
2026-03-24 14:03:31,531 [INFO]   완료: 신규=18, 중복skip=0
2026-03-24 14:03:31,531 [INFO] ▶ 종별=남자일반부, 종목=1000M
2026-03-24 14:03:32,249 [INFO]     라운드 시도: 예선 (rhCd=1)
2026-03-24 14:03:32,833 [INFO]     ✘ 선수 0명 → 다음 라운드로
2026-03-24 14:03:32,833 [INFO]     라운드 시도: 예선 (rhCd=1)
2026-03-24 14:03:33,411 [INFO]     ✘ 선수 0명 → 다음 라운드로
2026-03-24 14:03:33,412 [INFO]     라운드 시도: 예선 (rhCd=1)
2026-03-24 14:03:33,983 [INFO]     ✘ 선수 0명 → 다음 라운드로
2026-03-24 14:03:33,983 [INFO]     라운드 시도: 예선 (rhCd=1)
2026-03-24 14:03:34,557 [INFO]     ✘ 선수 0명 → 다음 라운드로
2026-03-24 14:03:34,557 [INFO]     라운드 시도: 예선 (rhCd=1)
2026-03-24 14:03:35,138 [INFO]     ✘ 선수 0명 → 다음 라운드로
2026-03-24 14:03:35,139 [INFO]     라운드 시도: 예선 (rhCd=1)
2026-03-24 14:03:35,725 [INFO]     ✘ 선수 0명 → 다음 라운드로
2026-03-24 14:03:35,726 [INFO]     라운드 시도: 예선 (rhCd=1)
2026-03-24 14:03:36,301 [INFO]     ✘ 선수 0명 → 다음 라운드로
2026-03-24 14:03:36,301 [INFO]     라운드 시도: 예선 (rhCd=1)
2026-03-24 14:03:36,869 [INFO]     ✘ 선수 0명 → 다음 라운드로
2026-03-24 14:03:36,869 [INFO]     라운드 시도: 준준결승 (rhCd=4)
2026-03-24 14:03:37,441 [INFO]     ✘ 선수 0명 → 다음 라운드로
2026-03-24 14:03:37,441 [INFO]     라운드 시도: 준준결승 (rhCd=4)
2026-03-24 14:03:38,009 [INFO]     ✘ 선수 0명 → 다음 라운드로
2026-03-24 14:03:38,009 [INFO]     라운드 시도: 준준결승 (rhCd=4)
2026-03-24 14:03:38,584 [INFO]     ✘ 선수 0명 → 다음 라운드로
2026-03-24 14:03:38,584 [INFO]     라운드 시도: 준준결승 (rhCd=4)
2026-03-24 14:03:39,173 [INFO]     ✘ 선수 0명 → 다음 라운드로
2026-03-24 14:03:39,173 [INFO]     라운드 시도: 준준결승 (rhCd=4)
2026-03-24 14:03:39,774 [INFO]     ✔ 유효 라운드 확정: 준준결승 → 선수 18명
2026-03-24 14:03:39,774 [INFO]   채택 라운드: 준준결승 | 선수 18명
2026-03-24 14:03:39,791 [INFO]   완료: 신규=0, 중복skip=18
2026-03-24 14:03:39,791 [INFO] ▶ 종별=남자일반부, 종목=1500M
2026-03-24 14:03:40,533 [INFO]     라운드 시도: 예선 (rhCd=1)
2026-03-24 14:03:41,105 [INFO]     ✘ 선수 0명 → 다음 라운드로
2026-03-24 14:03:41,106 [INFO]     라운드 시도: 예선 (rhCd=1)
2026-03-24 14:03:41,678 [INFO]     ✘ 선수 0명 → 다음 라운드로
2026-03-24 14:03:41,678 [INFO]     라운드 시도: 예선 (rhCd=1)
2026-03-24 14:03:42,248 [INFO]     ✘ 선수 0명 → 다음 라운드로
2026-03-24 14:03:42,249 [INFO]     라운드 시도: 예선 (rhCd=1)
2026-03-24 14:03:42,819 [INFO]     ✘ 선수 0명 → 다음 라운드로
2026-03-24 14:03:42,820 [INFO]     라운드 시도: 예선 (rhCd=1)
2026-03-24 14:03:43,400 [INFO]     ✘ 선수 0명 → 다음 라운드로
2026-03-24 14:03:43,400 [INFO]     라운드 시도: 예선 (rhCd=1)
2026-03-24 14:03:43,971 [INFO]     ✘ 선수 0명 → 다음 라운드로
2026-03-24 14:03:43,972 [INFO]     라운드 시도: 예선 (rhCd=1)
2026-03-24 14:03:44,547 [INFO]     ✘ 선수 0명 → 다음 라운드로
2026-03-24 14:03:44,547 [INFO]     라운드 시도: 예선 (rhCd=1)
2026-03-24 14:03:45,115 [INFO]     ✘ 선수 0명 → 다음 라운드로
2026-03-24 14:03:45,115 [INFO]     라운드 시도: 준준결승 (rhCd=4)
2026-03-24 14:03:45,686 [INFO]     ✘ 선수 0명 → 다음 라운드로
2026-03-24 14:03:45,686 [INFO]     라운드 시도: 준준결승 (rhCd=4)
2026-03-24 14:03:46,266 [INFO]     ✘ 선수 0명 → 다음 라운드로
2026-03-24 14:03:46,267 [INFO]     라운드 시도: 준준결승 (rhCd=4)
2026-03-24 14:03:46,837 [INFO]     ✘ 선수 0명 → 다음 라운드로
2026-03-24 14:03:46,837 [INFO]     라운드 시도: 준준결승 (rhCd=4)
2026-03-24 14:03:47,405 [INFO]     ✘ 선수 0명 → 다음 라운드로
2026-03-24 14:03:47,405 [INFO]     라운드 시도: 준준결승 (rhCd=4)
2026-03-24 14:03:48,008 [INFO]     ✔ 유효 라운드 확정: 준준결승 → 선수 18명
2026-03-24 14:03:48,008 [INFO]   채택 라운드: 준준결승 | 선수 18명
2026-03-24 14:03:48,024 [INFO]   완료: 신규=0, 중복skip=18
2026-03-24 14:03:48,024 [INFO] ▶ 종별=여자중학부, 종목=500M
2026-03-24 14:03:48,797 [INFO]     라운드 시도: 예선 (rhCd=1)
2026-03-24 14:03:49,399 [INFO]     ✔ 유효 라운드 확정: 예선 → 선수 22명
2026-03-24 14:03:49,400 [INFO]   채택 라운드: 예선 | 선수 22명
2026-03-24 14:03:51,392 [INFO]   NEW: 박보민 (202011000035) 이력 147건
2026-03-24 14:03:52,679 [INFO]   NEW: 이아인 (202207005627) 이력 46건
2026-03-24 14:03:53,690 [INFO]   NEW: 이채영 (202306009007) 이력 19건
2026-03-24 14:03:55,526 [INFO]   NEW: 홍태희 (202005000126) 이력 89건
2026-03-24 14:03:56,549 [INFO]   NEW: 최인아 (202210002759) 이력 24건
2026-03-24 14:03:59,703 [INFO]   NEW: 최운서 (201907003767) 이력 171건
2026-03-24 14:04:01,991 [INFO]   NEW: 윤아인 (201908000799) 이력 130건
2026-03-24 14:04:03,352 [INFO]   NEW: 조수빈 (202207006425) 이력 53건
2026-03-24 14:04:04,719 [INFO]   NEW: 조예음 (202305010680) 이력 81건
2026-03-24 14:04:05,748 [INFO]   NEW: 원서진 (202407001311) 이력 22건
2026-03-24 14:04:06,962 [INFO]   NEW: 이서윤 (202210003997) 이력 47건
2026-03-24 14:04:09,796 [INFO]   NEW: 용지윤 (202112000043) 이력 69건
2026-03-24 14:04:11,936 [INFO]   NEW: 김태린 (202008003171) 이력 108건
2026-03-24 14:04:14,066 [INFO]   NEW: 이은채 (202008003944) 이력 108건
2026-03-24 14:04:16,442 [INFO]   NEW: 임채민 (202011002965) 이력 159건
2026-03-24 14:04:18,746 [INFO]   NEW: 권유하 (202101000025) 이력 167건
2026-03-24 14:04:20,816 [INFO]   NEW: 정지유 (202109001923) 이력 111건
2026-03-24 14:04:21,974 [INFO]   NEW: 강다연 (202207004196) 이력 33건
2026-03-24 14:04:24,003 [INFO]   NEW: 황세은 (202010003482) 이력 119건
2026-03-24 14:04:28,364 [INFO]   NEW: 김채율 (202207007083) 이력 74건
2026-03-24 14:04:29,650 [INFO]   NEW: 이하율 (202207006315) 이력 65건
2026-03-24 14:04:32,017 [INFO]   NEW: 정하온 (202008003958) 이력 119건
2026-03-24 14:04:32,020 [INFO]   완료: 신규=22, 중복skip=0
2026-03-24 14:04:32,020 [INFO] ▶ 종별=여자중학부, 종목=1000M
2026-03-24 14:04:32,642 [INFO]     라운드 시도: 예선 (rhCd=1)
2026-03-24 14:04:33,216 [INFO]     ✔ 유효 라운드 확정: 예선 → 선수 22명
2026-03-24 14:04:33,217 [INFO]   채택 라운드: 예선 | 선수 22명
2026-03-24 14:04:33,223 [INFO]   완료: 신규=0, 중복skip=22
2026-03-24 14:04:33,223 [INFO] ▶ 종별=여자중학부, 종목=1500M
2026-03-24 14:04:33,850 [INFO]     라운드 시도: 예선 (rhCd=1)
2026-03-24 14:04:34,500 [INFO]     ✔ 유효 라운드 확정: 예선 → 선수 22명
2026-03-24 14:04:34,501 [INFO]   채택 라운드: 예선 | 선수 22명
2026-03-24 14:04:34,507 [INFO]   완료: 신규=0, 중복skip=22
2026-03-24 14:04:34,507 [INFO] ▶ 종별=여자고등부, 종목=500M
2026-03-24 14:04:35,130 [INFO]     라운드 시도: 예선 (rhCd=1)
2026-03-24 14:04:35,713 [INFO]     ✔ 유효 라운드 확정: 예선 → 선수 25명
2026-03-24 14:04:35,714 [INFO]   채택 라운드: 예선 | 선수 25명
2026-03-24 14:04:38,771 [INFO]   NEW: 강민지 (201809000848) 이력 269건
2026-03-24 14:04:40,827 [INFO]   NEW: 김지호 (202005000206) 이력 128건
2026-03-24 14:04:43,555 [INFO]   NEW: 김민채 (201807002595) 이력 157건
2026-03-24 14:04:46,997 [INFO]   NEW: 장유리 (201611001388) 이력 194건
2026-03-24 14:04:49,886 [INFO]   NEW: 유지수 (201711001239) 이력 147건
2026-03-24 14:04:52,393 [INFO]   NEW: 강윤하 (202009001308) 이력 164건
2026-03-24 14:04:56,549 [INFO]   NEW: 정재희 (201511002974) 이력 364건
2026-03-24 14:04:58,940 [INFO]   NEW: 김수빈 (201905000855) 이력 136건
2026-03-24 14:05:00,443 [INFO]   NEW: 강혜은 (201705000050) 이력 42건
2026-03-24 14:05:02,982 [INFO]   NEW: 하정현 (201907003164) 이력 142건
2026-03-24 14:05:06,486 [INFO]   NEW: 유수민 (201810000950) 이력 274건
2026-03-24 14:05:09,050 [INFO]   NEW: 진초록 (202010003376) 이력 154건
2026-03-24 14:05:11,703 [INFO]   NEW: 김지원 (201810000731) 이력 161건
2026-03-24 14:05:13,791 [INFO]   NEW: 고금비 (202010003506) 이력 125건
2026-03-24 14:05:16,859 [INFO]   NEW: 김채현 (201605001653) 이력 148건
2026-03-24 14:05:19,585 [INFO]   NEW: 나환희 (201905002391) 이력 158건
2026-03-24 14:05:22,849 [INFO]   NEW: 주시하 (202006004261) 이력 228건
2026-03-24 14:05:25,743 [INFO]   NEW: 이민솔 (201805000688) 이력 193건
2026-03-24 14:05:27,731 [INFO]   NEW: 배정윤 (202012002599) 이력 119건
2026-03-24 14:05:29,570 [INFO]   NEW: 박가은 (202007001581) 이력 95건
2026-03-24 14:05:32,210 [INFO]   NEW: 성지유 (201808001393) 이력 193건
2026-03-24 14:05:34,284 [INFO]   NEW: 김도희 (202102001827) 이력 141건
2026-03-24 14:05:36,796 [INFO]   NEW: 오승아 (201908000382) 이력 153건
2026-03-24 14:05:39,623 [INFO]   NEW: 정서연 (201705002025) 이력 160건
2026-03-24 14:05:42,100 [INFO]   NEW: 노유송 (201908000450) 이력 158건
2026-03-24 14:05:42,106 [INFO]   완료: 신규=25, 중복skip=0
2026-03-24 14:05:42,107 [INFO] ▶ 종별=여자고등부, 종목=1000M
2026-03-24 14:05:42,820 [INFO]     라운드 시도: 예선 (rhCd=1)
2026-03-24 14:05:43,436 [INFO]     ✔ 유효 라운드 확정: 예선 → 선수 25명
2026-03-24 14:05:43,436 [INFO]   채택 라운드: 예선 | 선수 25명
2026-03-24 14:05:43,444 [INFO]   완료: 신규=0, 중복skip=25
2026-03-24 14:05:43,444 [INFO] ▶ 종별=여자고등부, 종목=1500M
2026-03-24 14:05:44,153 [INFO]     라운드 시도: 예선 (rhCd=1)
2026-03-24 14:05:44,765 [INFO]     ✔ 유효 라운드 확정: 예선 → 선수 25명
2026-03-24 14:05:44,765 [INFO]   채택 라운드: 예선 | 선수 25명
2026-03-24 14:05:44,776 [INFO]   완료: 신규=0, 중복skip=25
2026-03-24 14:05:44,776 [INFO] ▶ 종별=여자대학부, 종목=500M
2026-03-24 14:05:45,488 [INFO]     라운드 시도: 예선 (rhCd=1)
2026-03-24 14:05:46,148 [INFO]     ✘ 선수 0명 → 다음 라운드로
2026-03-24 14:05:46,149 [INFO]     라운드 시도: 예선 (rhCd=1)
2026-03-24 14:05:46,718 [INFO]     ✘ 선수 0명 → 다음 라운드로
2026-03-24 14:05:46,718 [INFO]     라운드 시도: 예선 (rhCd=1)
2026-03-24 14:05:47,287 [INFO]     ✘ 선수 0명 → 다음 라운드로
2026-03-24 14:05:47,287 [INFO]     라운드 시도: 예선 (rhCd=1)
2026-03-24 14:05:47,864 [INFO]     ✘ 선수 0명 → 다음 라운드로
2026-03-24 14:05:47,864 [INFO]     라운드 시도: 예선 (rhCd=1)
2026-03-24 14:05:48,432 [INFO]     ✘ 선수 0명 → 다음 라운드로
2026-03-24 14:05:48,432 [INFO]     라운드 시도: 예선 (rhCd=1)
2026-03-24 14:05:49,000 [INFO]     ✘ 선수 0명 → 다음 라운드로
2026-03-24 14:05:49,001 [INFO]     라운드 시도: 예선 (rhCd=1)
2026-03-24 14:05:49,570 [INFO]     ✘ 선수 0명 → 다음 라운드로
2026-03-24 14:05:49,571 [INFO]     라운드 시도: 예선 (rhCd=1)
2026-03-24 14:05:50,146 [INFO]     ✘ 선수 0명 → 다음 라운드로
2026-03-24 14:05:50,146 [INFO]     라운드 시도: 준준결승 (rhCd=4)
2026-03-24 14:05:50,715 [INFO]     ✘ 선수 0명 → 다음 라운드로
2026-03-24 14:05:50,715 [INFO]     라운드 시도: 준준결승 (rhCd=4)
2026-03-24 14:05:51,285 [INFO]     ✘ 선수 0명 → 다음 라운드로
2026-03-24 14:05:51,285 [INFO]     라운드 시도: 준준결승 (rhCd=4)
2026-03-24 14:05:51,855 [INFO]     ✘ 선수 0명 → 다음 라운드로
2026-03-24 14:05:51,856 [INFO]     라운드 시도: 준준결승 (rhCd=4)
2026-03-24 14:05:52,428 [INFO]     ✘ 선수 0명 → 다음 라운드로
2026-03-24 14:05:52,428 [INFO]     라운드 시도: 준준결승 (rhCd=4)
2026-03-24 14:05:53,017 [INFO]     ✔ 유효 라운드 확정: 준준결승 → 선수 13명
2026-03-24 14:05:53,017 [INFO]   채택 라운드: 준준결승 | 선수 13명
2026-03-24 14:05:56,672 [INFO]   NEW: 오송미 (201709001418) 이력 326건
2026-03-24 14:05:59,623 [INFO]   NEW: 김민지 (201805000405) 이력 256건
2026-03-24 14:06:01,752 [INFO]   NEW: 박지유 (201410001552) 이력 119건
2026-03-24 14:06:04,935 [INFO]   NEW: 이나을 (201508001177) 이력 159건
2026-03-24 14:06:08,330 [INFO]   NEW: 김세아 (201508001358) 이력 212건
2026-03-24 14:06:10,898 [INFO]   NEW: 지윤서 (201805001858) 이력 211건
2026-03-24 14:06:14,616 [INFO]   NEW: 하민정 (201208001172) 이력 244건
2026-03-24 14:06:18,568 [INFO]   NEW: 박하윤 (201509000002) 이력 290건
2026-03-24 14:06:22,482 [INFO]   NEW: 이은빈 (201411000840) 이력 254건
2026-03-24 14:06:26,523 [INFO]   NEW: 김지원 (201505003564) 이력 278건
2026-03-24 14:06:28,851 [INFO]   NEW: 최하랑 (201905003273) 이력 120건
2026-03-24 14:06:32,049 [INFO]   NEW: 김도연 (201607002567) 이력 216건
2026-03-24 14:06:33,987 [INFO]   NEW: 윤단하 (201905000156) 이력 69건
2026-03-24 14:06:33,992 [INFO]   완료: 신규=13, 중복skip=0
2026-03-24 14:06:33,993 [INFO] ▶ 종별=여자대학부, 종목=1000M
2026-03-24 14:06:34,636 [INFO]     라운드 시도: 예선 (rhCd=1)
2026-03-24 14:06:35,207 [INFO]     ✘ 선수 0명 → 다음 라운드로
2026-03-24 14:06:35,208 [INFO]     라운드 시도: 예선 (rhCd=1)
2026-03-24 14:06:35,770 [INFO]     ✘ 선수 0명 → 다음 라운드로
2026-03-24 14:06:35,770 [INFO]     라운드 시도: 예선 (rhCd=1)
2026-03-24 14:06:36,344 [INFO]     ✘ 선수 0명 → 다음 라운드로
2026-03-24 14:06:36,344 [INFO]     라운드 시도: 예선 (rhCd=1)
2026-03-24 14:06:36,909 [INFO]     ✘ 선수 0명 → 다음 라운드로
2026-03-24 14:06:36,909 [INFO]     라운드 시도: 예선 (rhCd=1)
2026-03-24 14:06:37,473 [INFO]     ✘ 선수 0명 → 다음 라운드로
2026-03-24 14:06:37,474 [INFO]     라운드 시도: 예선 (rhCd=1)
2026-03-24 14:06:38,041 [INFO]     ✘ 선수 0명 → 다음 라운드로
2026-03-24 14:06:38,041 [INFO]     라운드 시도: 예선 (rhCd=1)
2026-03-24 14:06:38,604 [INFO]     ✘ 선수 0명 → 다음 라운드로
2026-03-24 14:06:38,604 [INFO]     라운드 시도: 예선 (rhCd=1)
2026-03-24 14:06:39,168 [INFO]     ✘ 선수 0명 → 다음 라운드로
2026-03-24 14:06:39,169 [INFO]     라운드 시도: 준준결승 (rhCd=4)
2026-03-24 14:06:39,745 [INFO]     ✘ 선수 0명 → 다음 라운드로
2026-03-24 14:06:39,746 [INFO]     라운드 시도: 준준결승 (rhCd=4)
2026-03-24 14:06:40,310 [INFO]     ✘ 선수 0명 → 다음 라운드로
2026-03-24 14:06:40,310 [INFO]     라운드 시도: 준준결승 (rhCd=4)
2026-03-24 14:06:40,872 [INFO]     ✘ 선수 0명 → 다음 라운드로
2026-03-24 14:06:40,872 [INFO]     라운드 시도: 준준결승 (rhCd=4)
2026-03-24 14:06:41,442 [INFO]     ✘ 선수 0명 → 다음 라운드로
2026-03-24 14:06:41,443 [INFO]     라운드 시도: 준준결승 (rhCd=4)
2026-03-24 14:06:42,019 [INFO]     ✔ 유효 라운드 확정: 준준결승 → 선수 13명
2026-03-24 14:06:42,019 [INFO]   채택 라운드: 준준결승 | 선수 13명
2026-03-24 14:06:42,025 [INFO]   완료: 신규=0, 중복skip=13
2026-03-24 14:06:42,025 [INFO] ▶ 종별=여자대학부, 종목=1500M
2026-03-24 14:06:42,670 [INFO]     라운드 시도: 예선 (rhCd=1)
2026-03-24 14:06:43,229 [INFO]     ✘ 선수 0명 → 다음 라운드로
2026-03-24 14:06:43,230 [INFO]     라운드 시도: 예선 (rhCd=1)
2026-03-24 14:06:43,803 [INFO]     ✘ 선수 0명 → 다음 라운드로
2026-03-24 14:06:43,803 [INFO]     라운드 시도: 예선 (rhCd=1)
2026-03-24 14:06:44,365 [INFO]     ✘ 선수 0명 → 다음 라운드로
2026-03-24 14:06:44,365 [INFO]     라운드 시도: 예선 (rhCd=1)
2026-03-24 14:06:44,930 [INFO]     ✘ 선수 0명 → 다음 라운드로
2026-03-24 14:06:44,930 [INFO]     라운드 시도: 예선 (rhCd=1)
2026-03-24 14:06:45,492 [INFO]     ✘ 선수 0명 → 다음 라운드로
2026-03-24 14:06:45,492 [INFO]     라운드 시도: 예선 (rhCd=1)
2026-03-24 14:06:46,064 [INFO]     ✘ 선수 0명 → 다음 라운드로
2026-03-24 14:06:46,065 [INFO]     라운드 시도: 예선 (rhCd=1)
2026-03-24 14:06:46,630 [INFO]     ✘ 선수 0명 → 다음 라운드로
2026-03-24 14:06:46,630 [INFO]     라운드 시도: 예선 (rhCd=1)
2026-03-24 14:06:47,193 [INFO]     ✘ 선수 0명 → 다음 라운드로
2026-03-24 14:06:47,194 [INFO]     라운드 시도: 준준결승 (rhCd=4)
2026-03-24 14:06:47,756 [INFO]     ✘ 선수 0명 → 다음 라운드로
2026-03-24 14:06:47,756 [INFO]     라운드 시도: 준준결승 (rhCd=4)
2026-03-24 14:06:48,321 [INFO]     ✘ 선수 0명 → 다음 라운드로
2026-03-24 14:06:48,322 [INFO]     라운드 시도: 준준결승 (rhCd=4)
2026-03-24 14:06:48,878 [INFO]     ✘ 선수 0명 → 다음 라운드로
2026-03-24 14:06:48,878 [INFO]     라운드 시도: 준준결승 (rhCd=4)
2026-03-24 14:06:49,439 [INFO]     ✘ 선수 0명 → 다음 라운드로
2026-03-24 14:06:49,439 [INFO]     라운드 시도: 준준결승 (rhCd=4)
2026-03-24 14:06:50,014 [INFO]     ✔ 유효 라운드 확정: 준준결승 → 선수 13명
2026-03-24 14:06:50,014 [INFO]   채택 라운드: 준준결승 | 선수 13명
2026-03-24 14:06:50,022 [INFO]   완료: 신규=0, 중복skip=13
2026-03-24 14:06:50,022 [INFO] ▶ 종별=여자일반부, 종목=500M
2026-03-24 14:06:51,021 [INFO]     라운드 시도: 예선 (rhCd=1)
2026-03-24 14:06:51,594 [INFO]     ✘ 선수 0명 → 다음 라운드로
2026-03-24 14:06:51,594 [INFO]     라운드 시도: 예선 (rhCd=1)
2026-03-24 14:06:52,170 [INFO]     ✘ 선수 0명 → 다음 라운드로
2026-03-24 14:06:52,170 [INFO]     라운드 시도: 예선 (rhCd=1)
2026-03-24 14:06:52,740 [INFO]     ✘ 선수 0명 → 다음 라운드로
2026-03-24 14:06:52,741 [INFO]     라운드 시도: 예선 (rhCd=1)
2026-03-24 14:06:53,305 [INFO]     ✘ 선수 0명 → 다음 라운드로
2026-03-24 14:06:53,305 [INFO]     라운드 시도: 예선 (rhCd=1)
2026-03-24 14:06:53,875 [INFO]     ✘ 선수 0명 → 다음 라운드로
2026-03-24 14:06:53,875 [INFO]     라운드 시도: 예선 (rhCd=1)
2026-03-24 14:06:54,439 [INFO]     ✘ 선수 0명 → 다음 라운드로
2026-03-24 14:06:54,439 [INFO]     라운드 시도: 예선 (rhCd=1)
2026-03-24 14:06:54,997 [INFO]     ✘ 선수 0명 → 다음 라운드로
2026-03-24 14:06:54,998 [INFO]     라운드 시도: 예선 (rhCd=1)
2026-03-24 14:06:55,578 [INFO]     ✘ 선수 0명 → 다음 라운드로
2026-03-24 14:06:55,579 [INFO]     라운드 시도: 준준결승 (rhCd=4)
2026-03-24 14:06:56,147 [INFO]     ✘ 선수 0명 → 다음 라운드로
2026-03-24 14:06:56,148 [INFO]     라운드 시도: 준준결승 (rhCd=4)
2026-03-24 14:06:56,720 [INFO]     ✘ 선수 0명 → 다음 라운드로
2026-03-24 14:06:56,720 [INFO]     라운드 시도: 준준결승 (rhCd=4)
2026-03-24 14:06:57,295 [INFO]     ✘ 선수 0명 → 다음 라운드로
2026-03-24 14:06:57,295 [INFO]     라운드 시도: 준준결승 (rhCd=4)
2026-03-24 14:06:57,863 [INFO]     ✘ 선수 0명 → 다음 라운드로
2026-03-24 14:06:57,863 [INFO]     라운드 시도: 준준결승 (rhCd=4)
2026-03-24 14:06:58,438 [INFO]     ✔ 유효 라운드 확정: 준준결승 → 선수 14명
2026-03-24 14:06:58,438 [INFO]   채택 라운드: 준준결승 | 선수 14명
2026-03-24 14:07:04,133 [INFO]   NEW: 박지원 (200705002604) 이력 385건
2026-03-24 14:07:08,429 [INFO]   NEW: 김지유 (200711000630) 이력 432건
2026-03-24 14:07:12,539 [INFO]   NEW: 서휘민 (201207003145) 이력 388건
2026-03-24 14:07:16,778 [INFO]   NEW: 이유빈 (201005003845) 이력 393건
2026-03-24 14:07:21,777 [INFO]   NEW: 이소연 (200409019950) 이력 443건
2026-03-24 14:07:26,963 [INFO]   NEW: 김건희 (200712000167) 이력 491건
2026-03-24 14:07:32,474 [INFO]   NEW: 김혜빈 (200409015527) 이력 399건
2026-03-24 14:07:37,733 [INFO]   NEW: 노아름 (200409015723) 이력 409건
2026-03-24 14:07:40,695 [INFO]   NEW: 심석희 (200605000353) 이력 289건
2026-03-24 14:07:45,676 [INFO]   NEW: 김은서 (201106002931) 이력 316건
2026-03-24 14:07:49,506 [INFO]   NEW: 장연재 (201205003049) 이력 262건
2026-03-24 14:07:54,617 [INFO]   NEW: 유현민 (200804005144) 이력 331건
2026-03-24 14:08:00,042 [INFO]   NEW: 최지현 (200409016743) 이력 460건
2026-03-24 14:08:04,547 [INFO]   NEW: 박지윤 (201005001331) 이력 405건
2026-03-24 14:08:04,549 [INFO]   완료: 신규=14, 중복skip=0
2026-03-24 14:08:04,549 [INFO] ▶ 종별=여자일반부, 종목=1000M
2026-03-24 14:08:05,181 [INFO]     라운드 시도: 예선 (rhCd=1)
2026-03-24 14:08:05,749 [INFO]     ✘ 선수 0명 → 다음 라운드로
2026-03-24 14:08:05,750 [INFO]     라운드 시도: 예선 (rhCd=1)
2026-03-24 14:08:06,306 [INFO]     ✘ 선수 0명 → 다음 라운드로
2026-03-24 14:08:06,306 [INFO]     라운드 시도: 예선 (rhCd=1)
2026-03-24 14:08:06,875 [INFO]     ✘ 선수 0명 → 다음 라운드로
2026-03-24 14:08:06,875 [INFO]     라운드 시도: 예선 (rhCd=1)
2026-03-24 14:08:07,444 [INFO]     ✘ 선수 0명 → 다음 라운드로
2026-03-24 14:08:07,445 [INFO]     라운드 시도: 예선 (rhCd=1)
2026-03-24 14:08:08,009 [INFO]     ✘ 선수 0명 → 다음 라운드로
2026-03-24 14:08:08,010 [INFO]     라운드 시도: 예선 (rhCd=1)
2026-03-24 14:08:08,579 [INFO]     ✘ 선수 0명 → 다음 라운드로
2026-03-24 14:08:08,579 [INFO]     라운드 시도: 예선 (rhCd=1)
2026-03-24 14:08:09,136 [INFO]     ✘ 선수 0명 → 다음 라운드로
2026-03-24 14:08:09,136 [INFO]     라운드 시도: 예선 (rhCd=1)
2026-03-24 14:08:09,704 [INFO]     ✘ 선수 0명 → 다음 라운드로
2026-03-24 14:08:09,704 [INFO]     라운드 시도: 준준결승 (rhCd=4)
2026-03-24 14:08:10,271 [INFO]     ✘ 선수 0명 → 다음 라운드로
2026-03-24 14:08:10,272 [INFO]     라운드 시도: 준준결승 (rhCd=4)
2026-03-24 14:08:10,915 [INFO]     ✘ 선수 0명 → 다음 라운드로
2026-03-24 14:08:10,916 [INFO]     라운드 시도: 준준결승 (rhCd=4)
2026-03-24 14:08:11,476 [INFO]     ✘ 선수 0명 → 다음 라운드로
2026-03-24 14:08:11,476 [INFO]     라운드 시도: 준준결승 (rhCd=4)
2026-03-24 14:08:12,047 [INFO]     ✘ 선수 0명 → 다음 라운드로
2026-03-24 14:08:12,051 [INFO]     라운드 시도: 준준결승 (rhCd=4)
2026-03-24 14:08:12,629 [INFO]     ✔ 유효 라운드 확정: 준준결승 → 선수 14명
2026-03-24 14:08:12,629 [INFO]   채택 라운드: 준준결승 | 선수 14명
2026-03-24 14:08:12,637 [INFO]   완료: 신규=0, 중복skip=14
2026-03-24 14:08:12,637 [INFO] ▶ 종별=여자일반부, 종목=1500M
2026-03-24 14:08:13,255 [INFO]     라운드 시도: 예선 (rhCd=1)
2026-03-24 14:08:13,816 [INFO]     ✘ 선수 0명 → 다음 라운드로
2026-03-24 14:08:13,817 [INFO]     라운드 시도: 예선 (rhCd=1)
2026-03-24 14:08:14,382 [INFO]     ✘ 선수 0명 → 다음 라운드로
2026-03-24 14:08:14,382 [INFO]     라운드 시도: 예선 (rhCd=1)
2026-03-24 14:08:14,956 [INFO]     ✘ 선수 0명 → 다음 라운드로
2026-03-24 14:08:14,957 [INFO]     라운드 시도: 예선 (rhCd=1)
2026-03-24 14:08:15,521 [INFO]     ✘ 선수 0명 → 다음 라운드로
2026-03-24 14:08:15,522 [INFO]     라운드 시도: 예선 (rhCd=1)
2026-03-24 14:08:16,095 [INFO]     ✘ 선수 0명 → 다음 라운드로
2026-03-24 14:08:16,095 [INFO]     라운드 시도: 예선 (rhCd=1)
2026-03-24 14:08:16,661 [INFO]     ✘ 선수 0명 → 다음 라운드로
2026-03-24 14:08:16,662 [INFO]     라운드 시도: 예선 (rhCd=1)
2026-03-24 14:08:17,248 [INFO]     ✘ 선수 0명 → 다음 라운드로
2026-03-24 14:08:17,249 [INFO]     라운드 시도: 예선 (rhCd=1)
2026-03-24 14:08:17,816 [INFO]     ✘ 선수 0명 → 다음 라운드로
2026-03-24 14:08:17,817 [INFO]     라운드 시도: 준준결승 (rhCd=4)
2026-03-24 14:08:18,375 [INFO]     ✘ 선수 0명 → 다음 라운드로
2026-03-24 14:08:18,376 [INFO]     라운드 시도: 준준결승 (rhCd=4)
2026-03-24 14:08:18,940 [INFO]     ✘ 선수 0명 → 다음 라운드로
2026-03-24 14:08:18,940 [INFO]     라운드 시도: 준준결승 (rhCd=4)
2026-03-24 14:08:19,628 [INFO]     ✘ 선수 0명 → 다음 라운드로
2026-03-24 14:08:19,629 [INFO]     라운드 시도: 준준결승 (rhCd=4)
2026-03-24 14:08:20,198 [INFO]     ✘ 선수 0명 → 다음 라운드로
2026-03-24 14:08:20,199 [INFO]     라운드 시도: 준준결승 (rhCd=4)
2026-03-24 14:08:20,783 [INFO]     ✔ 유효 라운드 확정: 준준결승 → 선수 14명
2026-03-24 14:08:20,783 [INFO]   채택 라운드: 준준결승 | 선수 14명
2026-03-24 14:08:20,793 [INFO]   완료: 신규=0, 중복skip=14
2026-03-24 14:08:20,793 [INFO] ▶ 종별=남자초등1,2학년, 종목=500M
2026-03-24 14:08:21,416 [INFO]     라운드 시도: 예선 (rhCd=1)
2026-03-24 14:08:21,983 [INFO]     ✘ 선수 0명 → 다음 라운드로
2026-03-24 14:08:21,984 [INFO]     라운드 시도: 예선 (rhCd=1)
2026-03-24 14:08:22,548 [INFO]     ✘ 선수 0명 → 다음 라운드로
2026-03-24 14:08:22,549 [INFO]     라운드 시도: 예선 (rhCd=1)
2026-03-24 14:08:23,113 [INFO]     ✘ 선수 0명 → 다음 라운드로
2026-03-24 14:08:23,113 [INFO]     라운드 시도: 예선 (rhCd=1)
2026-03-24 14:08:23,679 [INFO]     ✘ 선수 0명 → 다음 라운드로
2026-03-24 14:08:23,679 [INFO]     라운드 시도: 예선 (rhCd=1)
2026-03-24 14:08:24,247 [INFO]     ✘ 선수 0명 → 다음 라운드로
2026-03-24 14:08:24,248 [INFO]     라운드 시도: 예선 (rhCd=1)
2026-03-24 14:08:24,895 [INFO]     ✘ 선수 0명 → 다음 라운드로
2026-03-24 14:08:24,895 [INFO]     라운드 시도: 예선 (rhCd=1)
2026-03-24 14:08:25,447 [INFO]     ✘ 선수 0명 → 다음 라운드로
2026-03-24 14:08:25,447 [INFO]     라운드 시도: 예선 (rhCd=1)
2026-03-24 14:08:26,004 [INFO]     ✘ 선수 0명 → 다음 라운드로
2026-03-24 14:08:26,004 [INFO]     라운드 시도: 준준결승 (rhCd=4)
2026-03-24 14:08:26,560 [INFO]     ✘ 선수 0명 → 다음 라운드로
2026-03-24 14:08:26,560 [INFO]     라운드 시도: 준준결승 (rhCd=4)
2026-03-24 14:08:27,128 [INFO]     ✘ 선수 0명 → 다음 라운드로
2026-03-24 14:08:27,129 [INFO]     라운드 시도: 준준결승 (rhCd=4)
2026-03-24 14:08:27,691 [INFO]     ✘ 선수 0명 → 다음 라운드로
2026-03-24 14:08:27,692 [INFO]     라운드 시도: 준준결승 (rhCd=4)
2026-03-24 14:08:28,264 [INFO]     ✘ 선수 0명 → 다음 라운드로
2026-03-24 14:08:28,264 [INFO]     라운드 시도: 준준결승 (rhCd=4)
2026-03-24 14:08:28,837 [INFO]     ✘ 선수 0명 → 다음 라운드로
2026-03-24 14:08:28,838 [INFO]     라운드 시도: 준준결승 (rhCd=4)
2026-03-24 14:08:29,403 [INFO]     ✘ 선수 0명 → 다음 라운드로
2026-03-24 14:08:29,404 [INFO]     라운드 시도: 준준결승 (rhCd=4)
2026-03-24 14:08:29,972 [INFO]     ✘ 선수 0명 → 다음 라운드로
2026-03-24 14:08:29,972 [INFO]     라운드 시도: 준준결승 (rhCd=4)
2026-03-24 14:08:30,537 [INFO]     ✘ 선수 0명 → 다음 라운드로
2026-03-24 14:08:30,538 [INFO]     라운드 시도: 준준결승 (rhCd=4)
2026-03-24 14:08:31,105 [INFO]     ✘ 선수 0명 → 다음 라운드로
2026-03-24 14:08:31,105 [INFO]     라운드 시도: 준준결승 (rhCd=4)
2026-03-24 14:08:31,676 [INFO]     ✘ 선수 0명 → 다음 라운드로
2026-03-24 14:08:31,676 [INFO]     라운드 시도: 준준결승 (rhCd=4)
2026-03-24 14:08:32,241 [INFO]     ✘ 선수 0명 → 다음 라운드로
2026-03-24 14:08:32,241 [INFO]     라운드 시도: 준준결승 (rhCd=4)
2026-03-24 14:08:32,815 [INFO]     ✘ 선수 0명 → 다음 라운드로
2026-03-24 14:08:32,815 [INFO]     라운드 시도: 준준결승 (rhCd=4)
2026-03-24 14:08:33,379 [INFO]     ✘ 선수 0명 → 다음 라운드로
2026-03-24 14:08:33,379 [INFO]     라운드 시도: 준준결승 (rhCd=4)
2026-03-24 14:08:33,945 [INFO]     ✘ 선수 0명 → 다음 라운드로
2026-03-24 14:08:33,945 [INFO]     라운드 시도: 준준결승 (rhCd=4)
2026-03-24 14:08:34,520 [INFO]     ✘ 선수 0명 → 다음 라운드로
2026-03-24 14:08:34,521 [INFO]     라운드 시도: 준준결승 (rhCd=4)
2026-03-24 14:08:35,094 [INFO]     ✘ 선수 0명 → 다음 라운드로
2026-03-24 14:08:35,094 [INFO]     라운드 시도: 준준결승 (rhCd=4)
2026-03-24 14:08:35,665 [INFO]     ✘ 선수 0명 → 다음 라운드로
2026-03-24 14:08:35,665 [INFO]     라운드 시도: 준준결승 (rhCd=4)
2026-03-24 14:08:36,243 [INFO]     ✘ 선수 0명 → 다음 라운드로
2026-03-24 14:08:36,243 [INFO]     라운드 시도: 준준결승 (rhCd=4)
2026-03-24 14:08:36,812 [INFO]     ✘ 선수 0명 → 다음 라운드로
2026-03-24 14:08:36,812 [INFO]     라운드 시도: 준준결승 (rhCd=4)
2026-03-24 14:08:37,381 [INFO]     ✘ 선수 0명 → 다음 라운드로
2026-03-24 14:08:37,382 [INFO]     라운드 시도: 준준결승 (rhCd=4)
2026-03-24 14:08:37,949 [INFO]     ✘ 선수 0명 → 다음 라운드로
2026-03-24 14:08:37,950 [INFO]     라운드 시도: 준준결승 (rhCd=4)
2026-03-24 14:08:38,520 [INFO]     ✘ 선수 0명 → 다음 라운드로
2026-03-24 14:08:38,521 [INFO]     라운드 시도: 준준결승 (rhCd=4)
2026-03-24 14:08:39,097 [INFO]     ✘ 선수 0명 → 다음 라운드로
2026-03-24 14:08:39,097 [INFO]     라운드 시도: 준준결승 (rhCd=4)
2026-03-24 14:08:39,670 [INFO]     ✘ 선수 0명 → 다음 라운드로
2026-03-24 14:08:39,670 [INFO]     라운드 시도: 준준결승 (rhCd=4)
2026-03-24 14:08:40,250 [INFO]     ✘ 선수 0명 → 다음 라운드로
2026-03-24 14:08:40,250 [INFO]     라운드 시도: 준준결승 (rhCd=4)
2026-03-24 14:08:40,822 [INFO]     ✘ 선수 0명 → 다음 라운드로
2026-03-24 14:08:40,823 [INFO]     라운드 시도: 준준결승 (rhCd=4)
2026-03-24 14:08:41,402 [INFO]     ✘ 선수 0명 → 다음 라운드로
2026-03-24 14:08:41,403 [INFO]     라운드 시도: 준결승 (rhCd=5)
2026-03-24 14:08:41,975 [INFO]     ✘ 선수 0명 → 다음 라운드로
2026-03-24 14:08:41,976 [INFO]     라운드 시도: 준결승 (rhCd=5)
2026-03-24 14:08:42,543 [INFO]     ✘ 선수 0명 → 다음 라운드로
2026-03-24 14:08:42,544 [INFO]     라운드 시도: 준결승 (rhCd=5)
2026-03-24 14:08:43,119 [INFO]     ✘ 선수 0명 → 다음 라운드로
2026-03-24 14:08:43,119 [INFO]     라운드 시도: 준결승 (rhCd=5)
2026-03-24 14:08:43,694 [INFO]     ✘ 선수 0명 → 다음 라운드로
2026-03-24 14:08:43,695 [INFO]     라운드 시도: 준결승 (rhCd=5)
2026-03-24 14:08:44,266 [INFO]     ✘ 선수 0명 → 다음 라운드로
2026-03-24 14:08:44,267 [INFO]     라운드 시도: 준결승 (rhCd=5)
2026-03-24 14:08:44,839 [INFO]     ✘ 선수 0명 → 다음 라운드로
2026-03-24 14:08:44,839 [INFO]     라운드 시도: 준결승 (rhCd=5)
2026-03-24 14:08:45,410 [INFO]     ✘ 선수 0명 → 다음 라운드로
2026-03-24 14:08:45,410 [INFO]     라운드 시도: 준결승 (rhCd=5)
2026-03-24 14:08:45,978 [INFO]     ✘ 선수 0명 → 다음 라운드로
2026-03-24 14:08:45,979 [INFO]     라운드 시도: 준결승 (rhCd=5)
2026-03-24 14:08:46,556 [INFO]     ✘ 선수 0명 → 다음 라운드로
2026-03-24 14:08:46,557 [INFO]     라운드 시도: 준결승 (rhCd=5)
2026-03-24 14:08:47,824 [INFO]     ✘ 선수 0명 → 다음 라운드로
2026-03-24 14:08:47,824 [INFO]     라운드 시도: 준결승 (rhCd=5)
2026-03-24 14:08:48,417 [INFO]     ✘ 선수 0명 → 다음 라운드로
2026-03-24 14:08:48,418 [INFO]     라운드 시도: 준결승 (rhCd=5)
2026-03-24 14:08:48,992 [INFO]     ✘ 선수 0명 → 다음 라운드로
2026-03-24 14:08:48,993 [INFO]     라운드 시도: 준결승 (rhCd=5)
2026-03-24 14:08:49,566 [INFO]     ✘ 선수 0명 → 다음 라운드로
2026-03-24 14:08:49,566 [INFO]     라운드 시도: 준결승 (rhCd=5)
2026-03-24 14:08:50,141 [INFO]     ✘ 선수 0명 → 다음 라운드로
2026-03-24 14:08:50,142 [INFO]     라운드 시도: 준결승 (rhCd=5)
2026-03-24 14:08:50,708 [INFO]     ✘ 선수 0명 → 다음 라운드로
2026-03-24 14:08:50,709 [INFO]     라운드 시도: 준결승 (rhCd=5)
2026-03-24 14:08:51,288 [INFO]     ✘ 선수 0명 → 다음 라운드로
2026-03-24 14:08:51,288 [INFO]     라운드 시도: 준결승 (rhCd=5)
2026-03-24 14:08:51,862 [INFO]     ✘ 선수 0명 → 다음 라운드로
2026-03-24 14:08:51,862 [INFO]     라운드 시도: 준결승 (rhCd=5)
2026-03-24 14:08:52,435 [INFO]     ✘ 선수 0명 → 다음 라운드로
2026-03-24 14:08:52,435 [INFO]     라운드 시도: 준결승 (rhCd=5)
2026-03-24 14:08:53,009 [INFO]     ✘ 선수 0명 → 다음 라운드로
2026-03-24 14:08:53,009 [INFO]     라운드 시도: 준결승 (rhCd=5)
2026-03-24 14:08:53,582 [INFO]     ✘ 선수 0명 → 다음 라운드로
2026-03-24 14:08:53,582 [INFO]     라운드 시도: 준결승 (rhCd=5)
2026-03-24 14:08:54,144 [INFO]     ✘ 선수 0명 → 다음 라운드로
2026-03-24 14:08:54,145 [INFO]     라운드 시도: 준결승 (rhCd=5)
2026-03-24 14:08:54,721 [INFO]     ✘ 선수 0명 → 다음 라운드로
2026-03-24 14:08:54,722 [INFO]     라운드 시도: 준결승 (rhCd=5)
2026-03-24 14:08:55,294 [INFO]     ✘ 선수 0명 → 다음 라운드로
2026-03-24 14:08:55,294 [INFO]     라운드 시도: 준결승 (rhCd=5)
2026-03-24 14:08:55,861 [INFO]     ✘ 선수 0명 → 다음 라운드로
2026-03-24 14:08:55,861 [INFO]     라운드 시도: 준결승 (rhCd=5)
2026-03-24 14:08:56,426 [INFO]     ✘ 선수 0명 → 다음 라운드로
2026-03-24 14:08:56,426 [INFO]     라운드 시도: 준결승 (rhCd=5)
2026-03-24 14:08:56,996 [INFO]     ✘ 선수 0명 → 다음 라운드로
2026-03-24 14:08:56,996 [INFO]     라운드 시도: 준결승 (rhCd=5)
2026-03-24 14:08:57,569 [INFO]     ✘ 선수 0명 → 다음 라운드로
2026-03-24 14:08:57,570 [INFO]     라운드 시도: 준결승 (rhCd=5)
2026-03-24 14:08:58,143 [INFO]     ✘ 선수 0명 → 다음 라운드로
2026-03-24 14:08:58,144 [INFO]     라운드 시도: 준결승 (rhCd=5)
2026-03-24 14:08:58,724 [INFO]     ✘ 선수 0명 → 다음 라운드로
2026-03-24 14:08:58,725 [INFO]     라운드 시도: 준결승 (rhCd=5)
2026-03-24 14:08:59,301 [INFO]     ✘ 선수 0명 → 다음 라운드로
2026-03-24 14:08:59,301 [INFO]     라운드 시도: 준결승 (rhCd=5)
2026-03-24 14:08:59,877 [INFO]     ✘ 선수 0명 → 다음 라운드로
2026-03-24 14:08:59,877 [INFO]     라운드 시도: 준결승 (rhCd=5)
2026-03-24 14:09:00,444 [INFO]     ✘ 선수 0명 → 다음 라운드로
2026-03-24 14:09:00,445 [INFO]     라운드 시도: 준결승 (rhCd=5)
2026-03-24 14:09:01,023 [INFO]     ✘ 선수 0명 → 다음 라운드로
2026-03-24 14:09:01,023 [INFO]     라운드 시도: 준결승 (rhCd=5)
2026-03-24 14:09:01,590 [INFO]     ✘ 선수 0명 → 다음 라운드로
2026-03-24 14:09:01,590 [INFO]     라운드 시도: 준결승 (rhCd=5)
2026-03-24 14:09:02,165 [INFO]     ✘ 선수 0명 → 다음 라운드로
2026-03-24 14:09:02,165 [INFO]     라운드 시도: 준결승 (rhCd=5)
2026-03-24 14:09:02,738 [INFO]     ✘ 선수 0명 → 다음 라운드로
2026-03-24 14:09:02,738 [INFO]     라운드 시도: 결승B (rhCd=8)
2026-03-24 14:09:03,314 [INFO]     ✘ 선수 0명 → 다음 라운드로
2026-03-24 14:09:03,314 [INFO]     라운드 시도: 결승B (rhCd=8)
2026-03-24 14:09:03,892 [INFO]     ✘ 선수 0명 → 다음 라운드로
2026-03-24 14:09:03,892 [INFO]     라운드 시도: 결승B (rhCd=8)
2026-03-24 14:09:04,464 [INFO]     ✘ 선수 0명 → 다음 라운드로
2026-03-24 14:09:04,465 [INFO]     라운드 시도: 결승B (rhCd=8)
2026-03-24 14:09:05,037 [INFO]     ✘ 선수 0명 → 다음 라운드로
2026-03-24 14:09:05,038 [INFO]     라운드 시도: 결승B (rhCd=8)
2026-03-24 14:09:05,604 [INFO]     ✘ 선수 0명 → 다음 라운드로
2026-03-24 14:09:05,604 [INFO]     라운드 시도: 결승B (rhCd=8)
2026-03-24 14:09:06,180 [INFO]     ✘ 선수 0명 → 다음 라운드로
2026-03-24 14:09:06,181 [INFO]     라운드 시도: 결승B (rhCd=8)
2026-03-24 14:09:06,756 [INFO]     ✘ 선수 0명 → 다음 라운드로
2026-03-24 14:09:06,756 [INFO]     라운드 시도: 결승B (rhCd=8)
2026-03-24 14:09:07,329 [INFO]     ✘ 선수 0명 → 다음 라운드로
2026-03-24 14:09:07,330 [INFO]     라운드 시도: 결승B (rhCd=8)
2026-03-24 14:09:07,902 [INFO]     ✘ 선수 0명 → 다음 라운드로
2026-03-24 14:09:07,903 [INFO]     라운드 시도: 결승B (rhCd=8)
2026-03-24 14:09:08,497 [INFO]     ✘ 선수 0명 → 다음 라운드로
2026-03-24 14:09:08,497 [INFO]     라운드 시도: 결승B (rhCd=8)
2026-03-24 14:09:09,074 [INFO]     ✘ 선수 0명 → 다음 라운드로
2026-03-24 14:09:09,074 [INFO]     라운드 시도: 결승B (rhCd=8)
2026-03-24 14:09:09,646 [INFO]     ✘ 선수 0명 → 다음 라운드로
2026-03-24 14:09:09,647 [INFO]     라운드 시도: 결승B (rhCd=8)
2026-03-24 14:09:10,216 [INFO]     ✘ 선수 0명 → 다음 라운드로
2026-03-24 14:09:10,216 [INFO]     라운드 시도: 결승B (rhCd=8)
2026-03-24 14:09:10,785 [INFO]     ✘ 선수 0명 → 다음 라운드로
2026-03-24 14:09:10,785 [INFO]     라운드 시도: 결승B (rhCd=8)
2026-03-24 14:09:11,357 [INFO]     ✘ 선수 0명 → 다음 라운드로
2026-03-24 14:09:11,357 [INFO]     라운드 시도: 결승B (rhCd=8)
2026-03-24 14:09:11,935 [INFO]     ✘ 선수 0명 → 다음 라운드로
2026-03-24 14:09:11,935 [INFO]     라운드 시도: 결승B (rhCd=8)
2026-03-24 14:09:12,501 [INFO]     ✘ 선수 0명 → 다음 라운드로
2026-03-24 14:09:12,502 [INFO]     라운드 시도: 결승B (rhCd=8)
2026-03-24 14:09:13,089 [INFO]     ✘ 선수 0명 → 다음 라운드로
2026-03-24 14:09:13,090 [INFO]     라운드 시도: 결승B (rhCd=8)
2026-03-24 14:09:13,657 [INFO]     ✘ 선수 0명 → 다음 라운드로
2026-03-24 14:09:13,657 [INFO]     라운드 시도: 결승B (rhCd=8)
2026-03-24 14:09:14,228 [INFO]     ✘ 선수 0명 → 다음 라운드로
2026-03-24 14:09:14,229 [INFO]     라운드 시도: 결승B (rhCd=8)
2026-03-24 14:09:14,793 [INFO]     ✘ 선수 0명 → 다음 라운드로
2026-03-24 14:09:14,793 [INFO]     라운드 시도: 결승B (rhCd=8)
2026-03-24 14:09:15,362 [INFO]     ✘ 선수 0명 → 다음 라운드로
2026-03-24 14:09:15,363 [INFO]     라운드 시도: 결승B (rhCd=8)
2026-03-24 14:09:15,937 [INFO]     ✘ 선수 0명 → 다음 라운드로
2026-03-24 14:09:15,937 [INFO]     라운드 시도: 결승B (rhCd=8)
2026-03-24 14:09:16,514 [INFO]     ✘ 선수 0명 → 다음 라운드로
2026-03-24 14:09:16,514 [INFO]     라운드 시도: 결승B (rhCd=8)
2026-03-24 14:09:17,099 [INFO]     ✘ 선수 0명 → 다음 라운드로
2026-03-24 14:09:17,099 [INFO]     라운드 시도: 결승B (rhCd=8)
2026-03-24 14:09:17,668 [INFO]     ✘ 선수 0명 → 다음 라운드로
2026-03-24 14:09:17,668 [INFO]     라운드 시도: 결승B (rhCd=8)
2026-03-24 14:09:18,249 [INFO]     ✘ 선수 0명 → 다음 라운드로
2026-03-24 14:09:18,249 [INFO]     라운드 시도: 결승B (rhCd=8)
2026-03-24 14:09:18,811 [INFO]     ✘ 선수 0명 → 다음 라운드로
2026-03-24 14:09:18,811 [INFO]     라운드 시도: 결승B (rhCd=8)
2026-03-24 14:09:19,373 [INFO]     ✘ 선수 0명 → 다음 라운드로
2026-03-24 14:09:19,374 [INFO]     라운드 시도: 결승B (rhCd=8)
2026-03-24 14:09:19,943 [INFO]     ✘ 선수 0명 → 다음 라운드로
2026-03-24 14:09:19,943 [INFO]     라운드 시도: 결승B (rhCd=8)
2026-03-24 14:09:20,512 [INFO]     ✘ 선수 0명 → 다음 라운드로
2026-03-24 14:09:20,512 [INFO]     라운드 시도: 결승B (rhCd=8)
2026-03-24 14:09:21,097 [INFO]     ✘ 선수 0명 → 다음 라운드로
2026-03-24 14:09:21,098 [INFO]     라운드 시도: 결승B (rhCd=8)
2026-03-24 14:09:21,667 [INFO]     ✘ 선수 0명 → 다음 라운드로
2026-03-24 14:09:21,668 [INFO]     라운드 시도: 결승B (rhCd=8)
2026-03-24 14:09:22,237 [INFO]     ✘ 선수 0명 → 다음 라운드로
2026-03-24 14:09:22,238 [INFO]     라운드 시도: 결승B (rhCd=8)
2026-03-24 14:09:22,810 [INFO]     ✘ 선수 0명 → 다음 라운드로
2026-03-24 14:09:22,811 [INFO]     라운드 시도: 결승B (rhCd=8)
2026-03-24 14:09:23,384 [INFO]     ✘ 선수 0명 → 다음 라운드로
2026-03-24 14:09:23,384 [INFO]     라운드 시도: 결승 (rhCd=9)
2026-03-24 14:09:23,968 [INFO]     ✔ 유효 라운드 확정: 결승 → 선수 1명
2026-03-24 14:09:23,968 [INFO]   채택 라운드: 결승 | 선수 1명
2026-03-24 14:09:24,769 [INFO]   NEW: 유준모 (202506000833) 이력 5건
2026-03-24 14:09:24,773 [INFO]   완료: 신규=1, 중복skip=0
2026-03-24 14:09:24,773 [INFO] ▶ 종별=남자초등1,2학년, 종목=1000M
2026-03-24 14:09:25,503 [INFO]     라운드 시도: 예선 (rhCd=1)
2026-03-24 14:09:26,088 [INFO]     ✘ 선수 0명 → 다음 라운드로
2026-03-24 14:09:26,088 [INFO]     라운드 시도: 예선 (rhCd=1)
2026-03-24 14:09:26,660 [INFO]     ✘ 선수 0명 → 다음 라운드로
2026-03-24 14:09:26,660 [INFO]     라운드 시도: 예선 (rhCd=1)
2026-03-24 14:09:27,236 [INFO]     ✘ 선수 0명 → 다음 라운드로
2026-03-24 14:09:27,237 [INFO]     라운드 시도: 예선 (rhCd=1)
2026-03-24 14:09:27,810 [INFO]     ✘ 선수 0명 → 다음 라운드로
2026-03-24 14:09:27,811 [INFO]     라운드 시도: 예선 (rhCd=1)
2026-03-24 14:09:28,384 [INFO]     ✘ 선수 0명 → 다음 라운드로
2026-03-24 14:09:28,388 [INFO]     라운드 시도: 예선 (rhCd=1)
2026-03-24 14:09:28,958 [INFO]     ✘ 선수 0명 → 다음 라운드로
2026-03-24 14:09:28,959 [INFO]     라운드 시도: 예선 (rhCd=1)
2026-03-24 14:09:29,528 [INFO]     ✘ 선수 0명 → 다음 라운드로
2026-03-24 14:09:29,528 [INFO]     라운드 시도: 예선 (rhCd=1)
2026-03-24 14:09:30,107 [INFO]     ✘ 선수 0명 → 다음 라운드로
2026-03-24 14:09:30,107 [INFO]     라운드 시도: 준준결승 (rhCd=4)
2026-03-24 14:09:30,669 [INFO]     ✘ 선수 0명 → 다음 라운드로
2026-03-24 14:09:30,670 [INFO]     라운드 시도: 준준결승 (rhCd=4)
2026-03-24 14:09:31,240 [INFO]     ✘ 선수 0명 → 다음 라운드로
2026-03-24 14:09:31,240 [INFO]     라운드 시도: 준준결승 (rhCd=4)
2026-03-24 14:09:31,819 [INFO]     ✘ 선수 0명 → 다음 라운드로
2026-03-24 14:09:31,820 [INFO]     라운드 시도: 준준결승 (rhCd=4)
2026-03-24 14:09:32,395 [INFO]     ✘ 선수 0명 → 다음 라운드로
2026-03-24 14:09:32,396 [INFO]     라운드 시도: 준준결승 (rhCd=4)
2026-03-24 14:09:32,963 [INFO]     ✘ 선수 0명 → 다음 라운드로
2026-03-24 14:09:32,964 [INFO]     라운드 시도: 준준결승 (rhCd=4)
2026-03-24 14:09:33,542 [INFO]     ✘ 선수 0명 → 다음 라운드로
2026-03-24 14:09:33,542 [INFO]     라운드 시도: 준준결승 (rhCd=4)
2026-03-24 14:09:34,121 [INFO]     ✘ 선수 0명 → 다음 라운드로
2026-03-24 14:09:34,121 [INFO]     라운드 시도: 준준결승 (rhCd=4)
2026-03-24 14:09:34,692 [INFO]     ✘ 선수 0명 → 다음 라운드로
2026-03-24 14:09:34,693 [INFO]     라운드 시도: 준준결승 (rhCd=4)
2026-03-24 14:09:35,262 [INFO]     ✘ 선수 0명 → 다음 라운드로
2026-03-24 14:09:35,262 [INFO]     라운드 시도: 준준결승 (rhCd=4)
2026-03-24 14:09:35,828 [INFO]     ✘ 선수 0명 → 다음 라운드로
2026-03-24 14:09:35,828 [INFO]     라운드 시도: 준준결승 (rhCd=4)
2026-03-24 14:09:36,401 [INFO]     ✘ 선수 0명 → 다음 라운드로
2026-03-24 14:09:36,401 [INFO]     라운드 시도: 준준결승 (rhCd=4)
2026-03-24 14:09:36,974 [INFO]     ✘ 선수 0명 → 다음 라운드로
2026-03-24 14:09:36,974 [INFO]     라운드 시도: 준준결승 (rhCd=4)
2026-03-24 14:09:37,552 [INFO]     ✘ 선수 0명 → 다음 라운드로
2026-03-24 14:09:37,553 [INFO]     라운드 시도: 준준결승 (rhCd=4)
2026-03-24 14:09:38,129 [INFO]     ✘ 선수 0명 → 다음 라운드로
2026-03-24 14:09:38,129 [INFO]     라운드 시도: 준준결승 (rhCd=4)
2026-03-24 14:09:38,700 [INFO]     ✘ 선수 0명 → 다음 라운드로
2026-03-24 14:09:38,701 [INFO]     라운드 시도: 준준결승 (rhCd=4)
2026-03-24 14:09:39,272 [INFO]     ✘ 선수 0명 → 다음 라운드로
2026-03-24 14:09:39,273 [INFO]     라운드 시도: 준준결승 (rhCd=4)
2026-03-24 14:09:39,842 [INFO]     ✘ 선수 0명 → 다음 라운드로
2026-03-24 14:09:39,842 [INFO]     라운드 시도: 준준결승 (rhCd=4)
2026-03-24 14:09:40,411 [INFO]     ✘ 선수 0명 → 다음 라운드로
2026-03-24 14:09:40,412 [INFO]     라운드 시도: 준준결승 (rhCd=4)
2026-03-24 14:09:40,982 [INFO]     ✘ 선수 0명 → 다음 라운드로
2026-03-24 14:09:40,982 [INFO]     라운드 시도: 준준결승 (rhCd=4)
2026-03-24 14:09:41,555 [INFO]     ✘ 선수 0명 → 다음 라운드로
2026-03-24 14:09:41,555 [INFO]     라운드 시도: 준준결승 (rhCd=4)
2026-03-24 14:09:42,117 [INFO]     ✘ 선수 0명 → 다음 라운드로
2026-03-24 14:09:42,117 [INFO]     라운드 시도: 준준결승 (rhCd=4)
2026-03-24 14:09:42,687 [INFO]     ✘ 선수 0명 → 다음 라운드로
2026-03-24 14:09:42,688 [INFO]     라운드 시도: 준준결승 (rhCd=4)
2026-03-24 14:09:43,271 [INFO]     ✘ 선수 0명 → 다음 라운드로
2026-03-24 14:09:43,271 [INFO]     라운드 시도: 준준결승 (rhCd=4)
2026-03-24 14:09:43,837 [INFO]     ✘ 선수 0명 → 다음 라운드로
2026-03-24 14:09:43,837 [INFO]     라운드 시도: 준준결승 (rhCd=4)
2026-03-24 14:09:44,405 [INFO]     ✘ 선수 0명 → 다음 라운드로
2026-03-24 14:09:44,405 [INFO]     라운드 시도: 준준결승 (rhCd=4)
2026-03-24 14:09:44,976 [INFO]     ✘ 선수 0명 → 다음 라운드로
2026-03-24 14:09:44,976 [INFO]     라운드 시도: 준준결승 (rhCd=4)
2026-03-24 14:09:45,547 [INFO]     ✘ 선수 0명 → 다음 라운드로
2026-03-24 14:09:45,547 [INFO]     라운드 시도: 준결승 (rhCd=5)
2026-03-24 14:09:46,766 [INFO]     ✘ 선수 0명 → 다음 라운드로
2026-03-24 14:09:46,767 [INFO]     라운드 시도: 준결승 (rhCd=5)
2026-03-24 14:09:47,401 [INFO]     ✘ 선수 0명 → 다음 라운드로
2026-03-24 14:09:47,402 [INFO]     라운드 시도: 준결승 (rhCd=5)
2026-03-24 14:09:47,972 [INFO]     ✘ 선수 0명 → 다음 라운드로
2026-03-24 14:09:47,972 [INFO]     라운드 시도: 준결승 (rhCd=5)
2026-03-24 14:09:48,539 [INFO]     ✘ 선수 0명 → 다음 라운드로
2026-03-24 14:09:48,540 [INFO]     라운드 시도: 준결승 (rhCd=5)
2026-03-24 14:09:49,119 [INFO]     ✘ 선수 0명 → 다음 라운드로
2026-03-24 14:09:49,119 [INFO]     라운드 시도: 준결승 (rhCd=5)
2026-03-24 14:09:49,687 [INFO]     ✘ 선수 0명 → 다음 라운드로
2026-03-24 14:09:49,687 [INFO]     라운드 시도: 준결승 (rhCd=5)
2026-03-24 14:09:50,276 [INFO]     ✘ 선수 0명 → 다음 라운드로
2026-03-24 14:09:50,277 [INFO]     라운드 시도: 준결승 (rhCd=5)
2026-03-24 14:09:50,848 [INFO]     ✘ 선수 0명 → 다음 라운드로
2026-03-24 14:09:50,849 [INFO]     라운드 시도: 준결승 (rhCd=5)
2026-03-24 14:09:51,416 [INFO]     ✘ 선수 0명 → 다음 라운드로
2026-03-24 14:09:51,417 [INFO]     라운드 시도: 준결승 (rhCd=5)
2026-03-24 14:09:51,985 [INFO]     ✘ 선수 0명 → 다음 라운드로
2026-03-24 14:09:51,985 [INFO]     라운드 시도: 준결승 (rhCd=5)
2026-03-24 14:09:52,560 [INFO]     ✘ 선수 0명 → 다음 라운드로
2026-03-24 14:09:52,560 [INFO]     라운드 시도: 준결승 (rhCd=5)
2026-03-24 14:09:53,140 [INFO]     ✘ 선수 0명 → 다음 라운드로
2026-03-24 14:09:53,141 [INFO]     라운드 시도: 준결승 (rhCd=5)
2026-03-24 14:09:53,721 [INFO]     ✘ 선수 0명 → 다음 라운드로
2026-03-24 14:09:53,721 [INFO]     라운드 시도: 준결승 (rhCd=5)
2026-03-24 14:09:54,289 [INFO]     ✘ 선수 0명 → 다음 라운드로
2026-03-24 14:09:54,289 [INFO]     라운드 시도: 준결승 (rhCd=5)
2026-03-24 14:09:54,853 [INFO]     ✘ 선수 0명 → 다음 라운드로
2026-03-24 14:09:54,853 [INFO]     라운드 시도: 준결승 (rhCd=5)
2026-03-24 14:09:55,425 [INFO]     ✘ 선수 0명 → 다음 라운드로
2026-03-24 14:09:55,425 [INFO]     라운드 시도: 준결승 (rhCd=5)
2026-03-24 14:09:55,997 [INFO]     ✘ 선수 0명 → 다음 라운드로
2026-03-24 14:09:55,997 [INFO]     라운드 시도: 준결승 (rhCd=5)
2026-03-24 14:09:56,566 [INFO]     ✘ 선수 0명 → 다음 라운드로
2026-03-24 14:09:56,567 [INFO]     라운드 시도: 준결승 (rhCd=5)
2026-03-24 14:09:57,147 [INFO]     ✘ 선수 0명 → 다음 라운드로
2026-03-24 14:09:57,148 [INFO]     라운드 시도: 준결승 (rhCd=5)
2026-03-24 14:09:57,739 [INFO]     ✘ 선수 0명 → 다음 라운드로
2026-03-24 14:09:57,739 [INFO]     라운드 시도: 준결승 (rhCd=5)
2026-03-24 14:09:58,308 [INFO]     ✘ 선수 0명 → 다음 라운드로
2026-03-24 14:09:58,308 [INFO]     라운드 시도: 준결승 (rhCd=5)
2026-03-24 14:09:58,884 [INFO]     ✘ 선수 0명 → 다음 라운드로
2026-03-24 14:09:58,884 [INFO]     라운드 시도: 준결승 (rhCd=5)
2026-03-24 14:09:59,456 [INFO]     ✘ 선수 0명 → 다음 라운드로
2026-03-24 14:09:59,456 [INFO]     라운드 시도: 준결승 (rhCd=5)
2026-03-24 14:10:00,026 [INFO]     ✘ 선수 0명 → 다음 라운드로
2026-03-24 14:10:00,026 [INFO]     라운드 시도: 준결승 (rhCd=5)
2026-03-24 14:10:00,591 [INFO]     ✘ 선수 0명 → 다음 라운드로
2026-03-24 14:10:00,591 [INFO]     라운드 시도: 준결승 (rhCd=5)
2026-03-24 14:10:01,161 [INFO]     ✘ 선수 0명 → 다음 라운드로
2026-03-24 14:10:01,161 [INFO]     라운드 시도: 준결승 (rhCd=5)
2026-03-24 14:10:01,727 [INFO]     ✘ 선수 0명 → 다음 라운드로
2026-03-24 14:10:01,728 [INFO]     라운드 시도: 준결승 (rhCd=5)
2026-03-24 14:10:02,303 [INFO]     ✘ 선수 0명 → 다음 라운드로
2026-03-24 14:10:02,304 [INFO]     라운드 시도: 준결승 (rhCd=5)
2026-03-24 14:10:02,874 [INFO]     ✘ 선수 0명 → 다음 라운드로
2026-03-24 14:10:02,874 [INFO]     라운드 시도: 준결승 (rhCd=5)
2026-03-24 14:10:03,451 [INFO]     ✘ 선수 0명 → 다음 라운드로
2026-03-24 14:10:03,451 [INFO]     라운드 시도: 준결승 (rhCd=5)
2026-03-24 14:10:04,034 [INFO]     ✘ 선수 0명 → 다음 라운드로
2026-03-24 14:10:04,034 [INFO]     라운드 시도: 준결승 (rhCd=5)
2026-03-24 14:10:04,615 [INFO]     ✘ 선수 0명 → 다음 라운드로
2026-03-24 14:10:04,615 [INFO]     라운드 시도: 준결승 (rhCd=5)
2026-03-24 14:10:05,184 [INFO]     ✘ 선수 0명 → 다음 라운드로
2026-03-24 14:10:05,185 [INFO]     라운드 시도: 준결승 (rhCd=5)
2026-03-24 14:10:05,763 [INFO]     ✘ 선수 0명 → 다음 라운드로
2026-03-24 14:10:05,764 [INFO]     라운드 시도: 준결승 (rhCd=5)
2026-03-24 14:10:06,346 [INFO]     ✘ 선수 0명 → 다음 라운드로
2026-03-24 14:10:06,347 [INFO]     라운드 시도: 준결승 (rhCd=5)
2026-03-24 14:10:06,910 [INFO]     ✘ 선수 0명 → 다음 라운드로
2026-03-24 14:10:06,911 [INFO]     라운드 시도: 결승B (rhCd=8)
2026-03-24 14:10:07,481 [INFO]     ✘ 선수 0명 → 다음 라운드로
2026-03-24 14:10:07,481 [INFO]     라운드 시도: 결승B (rhCd=8)
2026-03-24 14:10:08,056 [INFO]     ✘ 선수 0명 → 다음 라운드로
2026-03-24 14:10:08,056 [INFO]     라운드 시도: 결승B (rhCd=8)
2026-03-24 14:10:08,629 [INFO]     ✘ 선수 0명 → 다음 라운드로
2026-03-24 14:10:08,630 [INFO]     라운드 시도: 결승B (rhCd=8)
2026-03-24 14:10:09,204 [INFO]     ✘ 선수 0명 → 다음 라운드로
2026-03-24 14:10:09,204 [INFO]     라운드 시도: 결승B (rhCd=8)
2026-03-24 14:10:09,768 [INFO]     ✘ 선수 0명 → 다음 라운드로
2026-03-24 14:10:09,769 [INFO]     라운드 시도: 결승B (rhCd=8)
2026-03-24 14:10:10,346 [INFO]     ✘ 선수 0명 → 다음 라운드로
2026-03-24 14:10:10,347 [INFO]     라운드 시도: 결승B (rhCd=8)
2026-03-24 14:10:10,932 [INFO]     ✘ 선수 0명 → 다음 라운드로
2026-03-24 14:10:10,932 [INFO]     라운드 시도: 결승B (rhCd=8)
2026-03-24 14:10:11,509 [INFO]     ✘ 선수 0명 → 다음 라운드로
2026-03-24 14:10:11,511 [INFO]     라운드 시도: 결승B (rhCd=8)
2026-03-24 14:10:12,082 [INFO]     ✘ 선수 0명 → 다음 라운드로
2026-03-24 14:10:12,082 [INFO]     라운드 시도: 결승B (rhCd=8)
2026-03-24 14:10:12,655 [INFO]     ✘ 선수 0명 → 다음 라운드로
2026-03-24 14:10:12,655 [INFO]     라운드 시도: 결승B (rhCd=8)
2026-03-24 14:10:13,229 [INFO]     ✘ 선수 0명 → 다음 라운드로
2026-03-24 14:10:13,230 [INFO]     라운드 시도: 결승B (rhCd=8)
2026-03-24 14:10:13,810 [INFO]     ✘ 선수 0명 → 다음 라운드로
2026-03-24 14:10:13,810 [INFO]     라운드 시도: 결승B (rhCd=8)
2026-03-24 14:10:14,373 [INFO]     ✘ 선수 0명 → 다음 라운드로
2026-03-24 14:10:14,373 [INFO]     라운드 시도: 결승B (rhCd=8)
2026-03-24 14:10:14,945 [INFO]     ✘ 선수 0명 → 다음 라운드로
2026-03-24 14:10:14,946 [INFO]     라운드 시도: 결승B (rhCd=8)
2026-03-24 14:10:15,522 [INFO]     ✘ 선수 0명 → 다음 라운드로
2026-03-24 14:10:15,522 [INFO]     라운드 시도: 결승B (rhCd=8)
2026-03-24 14:10:16,094 [INFO]     ✘ 선수 0명 → 다음 라운드로
2026-03-24 14:10:16,099 [INFO]     라운드 시도: 결승B (rhCd=8)
2026-03-24 14:10:16,693 [INFO]     ✘ 선수 0명 → 다음 라운드로
2026-03-24 14:10:16,694 [INFO]     라운드 시도: 결승B (rhCd=8)
2026-03-24 14:10:17,297 [INFO]     ✘ 선수 0명 → 다음 라운드로
2026-03-24 14:10:17,298 [INFO]     라운드 시도: 결승B (rhCd=8)
2026-03-24 14:10:17,883 [INFO]     ✘ 선수 0명 → 다음 라운드로
2026-03-24 14:10:17,883 [INFO]     라운드 시도: 결승B (rhCd=8)
2026-03-24 14:10:18,442 [INFO]     ✘ 선수 0명 → 다음 라운드로
2026-03-24 14:10:18,442 [INFO]     라운드 시도: 결승B (rhCd=8)
2026-03-24 14:10:19,012 [INFO]     ✘ 선수 0명 → 다음 라운드로
2026-03-24 14:10:19,012 [INFO]     라운드 시도: 결승B (rhCd=8)
2026-03-24 14:10:19,587 [INFO]     ✘ 선수 0명 → 다음 라운드로
2026-03-24 14:10:19,588 [INFO]     라운드 시도: 결승B (rhCd=8)
2026-03-24 14:10:20,164 [INFO]     ✘ 선수 0명 → 다음 라운드로
2026-03-24 14:10:20,164 [INFO]     라운드 시도: 결승B (rhCd=8)
2026-03-24 14:10:20,737 [INFO]     ✘ 선수 0명 → 다음 라운드로
2026-03-24 14:10:20,738 [INFO]     라운드 시도: 결승B (rhCd=8)
2026-03-24 14:10:21,311 [INFO]     ✘ 선수 0명 → 다음 라운드로
2026-03-24 14:10:21,311 [INFO]     라운드 시도: 결승B (rhCd=8)
2026-03-24 14:10:21,884 [INFO]     ✘ 선수 0명 → 다음 라운드로
2026-03-24 14:10:21,885 [INFO]     라운드 시도: 결승B (rhCd=8)
2026-03-24 14:10:22,458 [INFO]     ✘ 선수 0명 → 다음 라운드로
2026-03-24 14:10:22,459 [INFO]     라운드 시도: 결승B (rhCd=8)
2026-03-24 14:10:23,032 [INFO]     ✘ 선수 0명 → 다음 라운드로
2026-03-24 14:10:23,032 [INFO]     라운드 시도: 결승B (rhCd=8)
2026-03-24 14:10:23,600 [INFO]     ✘ 선수 0명 → 다음 라운드로
2026-03-24 14:10:23,601 [INFO]     라운드 시도: 결승B (rhCd=8)
2026-03-24 14:10:24,173 [INFO]     ✘ 선수 0명 → 다음 라운드로
2026-03-24 14:10:24,173 [INFO]     라운드 시도: 결승B (rhCd=8)
2026-03-24 14:10:24,798 [INFO]     ✘ 선수 0명 → 다음 라운드로
2026-03-24 14:10:24,799 [INFO]     라운드 시도: 결승B (rhCd=8)
2026-03-24 14:10:25,385 [INFO]     ✘ 선수 0명 → 다음 라운드로
2026-03-24 14:10:25,385 [INFO]     라운드 시도: 결승B (rhCd=8)
2026-03-24 14:10:26,002 [INFO]     ✘ 선수 0명 → 다음 라운드로
2026-03-24 14:10:26,002 [INFO]     라운드 시도: 결승B (rhCd=8)
2026-03-24 14:10:26,589 [INFO]     ✘ 선수 0명 → 다음 라운드로
2026-03-24 14:10:26,590 [INFO]     라운드 시도: 결승B (rhCd=8)
2026-03-24 14:10:27,166 [INFO]     ✘ 선수 0명 → 다음 라운드로
2026-03-24 14:10:27,166 [INFO]     라운드 시도: 결승B (rhCd=8)
2026-03-24 14:10:27,734 [INFO]     ✘ 선수 0명 → 다음 라운드로
2026-03-24 14:10:27,735 [INFO]     라운드 시도: 결승 (rhCd=9)
2026-03-24 14:10:28,306 [INFO]     ✔ 유효 라운드 확정: 결승 → 선수 1명
2026-03-24 14:10:28,307 [INFO]   채택 라운드: 결승 | 선수 1명
2026-03-24 14:10:28,317 [INFO]   완료: 신규=0, 중복skip=1
2026-03-24 14:10:28,317 [INFO] ▶ 종별=남자초등1,2학년, 종목=1500M
2026-03-24 14:10:28,981 [INFO]     라운드 시도: 예선 (rhCd=1)
2026-03-24 14:10:29,557 [INFO]     ✘ 선수 0명 → 다음 라운드로
2026-03-24 14:10:29,558 [INFO]     라운드 시도: 예선 (rhCd=1)
2026-03-24 14:10:30,133 [INFO]     ✘ 선수 0명 → 다음 라운드로
2026-03-24 14:10:30,133 [INFO]     라운드 시도: 예선 (rhCd=1)
2026-03-24 14:10:30,708 [INFO]     ✘ 선수 0명 → 다음 라운드로
2026-03-24 14:10:30,708 [INFO]     라운드 시도: 예선 (rhCd=1)
2026-03-24 14:10:31,274 [INFO]     ✘ 선수 0명 → 다음 라운드로
2026-03-24 14:10:31,274 [INFO]     라운드 시도: 예선 (rhCd=1)
2026-03-24 14:10:31,855 [INFO]     ✘ 선수 0명 → 다음 라운드로
2026-03-24 14:10:31,856 [INFO]     라운드 시도: 예선 (rhCd=1)
2026-03-24 14:10:32,444 [INFO]     ✘ 선수 0명 → 다음 라운드로
2026-03-24 14:10:32,444 [INFO]     라운드 시도: 예선 (rhCd=1)
2026-03-24 14:10:33,014 [INFO]     ✘ 선수 0명 → 다음 라운드로
2026-03-24 14:10:33,014 [INFO]     라운드 시도: 예선 (rhCd=1)
2026-03-24 14:10:33,591 [INFO]     ✘ 선수 0명 → 다음 라운드로
2026-03-24 14:10:33,591 [INFO]     라운드 시도: 준준결승 (rhCd=4)
2026-03-24 14:10:34,157 [INFO]     ✘ 선수 0명 → 다음 라운드로
2026-03-24 14:10:34,157 [INFO]     라운드 시도: 준준결승 (rhCd=4)
2026-03-24 14:10:34,732 [INFO]     ✘ 선수 0명 → 다음 라운드로
2026-03-24 14:10:34,732 [INFO]     라운드 시도: 준준결승 (rhCd=4)
2026-03-24 14:10:35,304 [INFO]     ✘ 선수 0명 → 다음 라운드로
2026-03-24 14:10:35,305 [INFO]     라운드 시도: 준준결승 (rhCd=4)
2026-03-24 14:10:35,875 [INFO]     ✘ 선수 0명 → 다음 라운드로
2026-03-24 14:10:35,875 [INFO]     라운드 시도: 준준결승 (rhCd=4)
2026-03-24 14:10:36,452 [INFO]     ✘ 선수 0명 → 다음 라운드로
2026-03-24 14:10:36,452 [INFO]     라운드 시도: 준준결승 (rhCd=4)
2026-03-24 14:10:37,020 [INFO]     ✘ 선수 0명 → 다음 라운드로
2026-03-24 14:10:37,020 [INFO]     라운드 시도: 준준결승 (rhCd=4)
2026-03-24 14:10:37,587 [INFO]     ✘ 선수 0명 → 다음 라운드로
2026-03-24 14:10:37,587 [INFO]     라운드 시도: 준준결승 (rhCd=4)
2026-03-24 14:10:38,153 [INFO]     ✘ 선수 0명 → 다음 라운드로
2026-03-24 14:10:38,153 [INFO]     라운드 시도: 준준결승 (rhCd=4)
2026-03-24 14:10:38,718 [INFO]     ✘ 선수 0명 → 다음 라운드로
2026-03-24 14:10:38,718 [INFO]     라운드 시도: 준준결승 (rhCd=4)
2026-03-24 14:10:39,283 [INFO]     ✘ 선수 0명 → 다음 라운드로
2026-03-24 14:10:39,283 [INFO]     라운드 시도: 준준결승 (rhCd=4)
2026-03-24 14:10:39,847 [INFO]     ✘ 선수 0명 → 다음 라운드로
2026-03-24 14:10:39,847 [INFO]     라운드 시도: 준준결승 (rhCd=4)
2026-03-24 14:10:40,444 [INFO]     ✘ 선수 0명 → 다음 라운드로
2026-03-24 14:10:40,444 [INFO]     라운드 시도: 준준결승 (rhCd=4)
2026-03-24 14:10:41,012 [INFO]     ✘ 선수 0명 → 다음 라운드로
2026-03-24 14:10:41,012 [INFO]     라운드 시도: 준준결승 (rhCd=4)
2026-03-24 14:10:41,583 [INFO]     ✘ 선수 0명 → 다음 라운드로
2026-03-24 14:10:41,583 [INFO]     라운드 시도: 준준결승 (rhCd=4)
2026-03-24 14:10:42,151 [INFO]     ✘ 선수 0명 → 다음 라운드로
2026-03-24 14:10:42,151 [INFO]     라운드 시도: 준준결승 (rhCd=4)
2026-03-24 14:10:42,719 [INFO]     ✘ 선수 0명 → 다음 라운드로
2026-03-24 14:10:42,720 [INFO]     라운드 시도: 준준결승 (rhCd=4)
2026-03-24 14:10:43,285 [INFO]     ✘ 선수 0명 → 다음 라운드로
2026-03-24 14:10:43,286 [INFO]     라운드 시도: 준준결승 (rhCd=4)
2026-03-24 14:10:43,866 [INFO]     ✘ 선수 0명 → 다음 라운드로
2026-03-24 14:10:43,867 [INFO]     라운드 시도: 준준결승 (rhCd=4)
2026-03-24 14:10:44,447 [INFO]     ✘ 선수 0명 → 다음 라운드로
2026-03-24 14:10:44,447 [INFO]     라운드 시도: 준준결승 (rhCd=4)
2026-03-24 14:10:45,636 [INFO]     ✘ 선수 0명 → 다음 라운드로
2026-03-24 14:10:45,636 [INFO]     라운드 시도: 준준결승 (rhCd=4)
2026-03-24 14:10:46,218 [INFO]     ✘ 선수 0명 → 다음 라운드로
2026-03-24 14:10:46,218 [INFO]     라운드 시도: 준준결승 (rhCd=4)
2026-03-24 14:10:46,801 [INFO]     ✘ 선수 0명 → 다음 라운드로
2026-03-24 14:10:46,801 [INFO]     라운드 시도: 준준결승 (rhCd=4)
2026-03-24 14:10:47,373 [INFO]     ✘ 선수 0명 → 다음 라운드로
2026-03-24 14:10:47,373 [INFO]     라운드 시도: 준준결승 (rhCd=4)
2026-03-24 14:10:47,948 [INFO]     ✘ 선수 0명 → 다음 라운드로
2026-03-24 14:10:47,948 [INFO]     라운드 시도: 준준결승 (rhCd=4)
2026-03-24 14:10:48,521 [INFO]     ✘ 선수 0명 → 다음 라운드로
2026-03-24 14:10:48,521 [INFO]     라운드 시도: 준준결승 (rhCd=4)
2026-03-24 14:10:49,088 [INFO]     ✘ 선수 0명 → 다음 라운드로
2026-03-24 14:10:49,088 [INFO]     라운드 시도: 준준결승 (rhCd=4)
2026-03-24 14:10:49,658 [INFO]     ✘ 선수 0명 → 다음 라운드로
2026-03-24 14:10:49,658 [INFO]     라운드 시도: 준결승 (rhCd=5)
2026-03-24 14:10:50,223 [INFO]     ✘ 선수 0명 → 다음 라운드로
2026-03-24 14:10:50,223 [INFO]     라운드 시도: 준결승 (rhCd=5)
2026-03-24 14:10:50,791 [INFO]     ✘ 선수 0명 → 다음 라운드로
2026-03-24 14:10:50,791 [INFO]     라운드 시도: 준결승 (rhCd=5)
2026-03-24 14:10:51,366 [INFO]     ✘ 선수 0명 → 다음 라운드로
2026-03-24 14:10:51,366 [INFO]     라운드 시도: 준결승 (rhCd=5)
2026-03-24 14:10:51,927 [INFO]     ✘ 선수 0명 → 다음 라운드로
2026-03-24 14:10:51,927 [INFO]     라운드 시도: 준결승 (rhCd=5)
2026-03-24 14:10:52,491 [INFO]     ✘ 선수 0명 → 다음 라운드로
2026-03-24 14:10:52,492 [INFO]     라운드 시도: 준결승 (rhCd=5)
2026-03-24 14:10:53,061 [INFO]     ✘ 선수 0명 → 다음 라운드로
2026-03-24 14:10:53,061 [INFO]     라운드 시도: 준결승 (rhCd=5)
2026-03-24 14:10:53,629 [INFO]     ✘ 선수 0명 → 다음 라운드로
2026-03-24 14:10:53,630 [INFO]     라운드 시도: 준결승 (rhCd=5)
2026-03-24 14:10:54,198 [INFO]     ✘ 선수 0명 → 다음 라운드로
2026-03-24 14:10:54,199 [INFO]     라운드 시도: 준결승 (rhCd=5)
2026-03-24 14:10:54,772 [INFO]     ✘ 선수 0명 → 다음 라운드로
2026-03-24 14:10:54,773 [INFO]     라운드 시도: 준결승 (rhCd=5)
2026-03-24 14:10:55,346 [INFO]     ✘ 선수 0명 → 다음 라운드로
2026-03-24 14:10:55,347 [INFO]     라운드 시도: 준결승 (rhCd=5)
2026-03-24 14:10:55,916 [INFO]     ✘ 선수 0명 → 다음 라운드로
2026-03-24 14:10:55,917 [INFO]     라운드 시도: 준결승 (rhCd=5)
2026-03-24 14:10:56,486 [INFO]     ✘ 선수 0명 → 다음 라운드로
2026-03-24 14:10:56,486 [INFO]     라운드 시도: 준결승 (rhCd=5)
2026-03-24 14:10:57,055 [INFO]     ✘ 선수 0명 → 다음 라운드로
2026-03-24 14:10:57,055 [INFO]     라운드 시도: 준결승 (rhCd=5)
2026-03-24 14:10:57,633 [INFO]     ✘ 선수 0명 → 다음 라운드로
2026-03-24 14:10:57,634 [INFO]     라운드 시도: 준결승 (rhCd=5)
2026-03-24 14:10:58,206 [INFO]     ✘ 선수 0명 → 다음 라운드로
2026-03-24 14:10:58,207 [INFO]     라운드 시도: 준결승 (rhCd=5)
2026-03-24 14:10:58,773 [INFO]     ✘ 선수 0명 → 다음 라운드로
2026-03-24 14:10:58,773 [INFO]     라운드 시도: 준결승 (rhCd=5)
2026-03-24 14:10:59,352 [INFO]     ✘ 선수 0명 → 다음 라운드로
2026-03-24 14:10:59,353 [INFO]     라운드 시도: 준결승 (rhCd=5)
2026-03-24 14:10:59,927 [INFO]     ✘ 선수 0명 → 다음 라운드로
2026-03-24 14:10:59,928 [INFO]     라운드 시도: 준결승 (rhCd=5)
2026-03-24 14:11:00,496 [INFO]     ✘ 선수 0명 → 다음 라운드로
2026-03-24 14:11:00,497 [INFO]     라운드 시도: 준결승 (rhCd=5)
2026-03-24 14:11:01,064 [INFO]     ✘ 선수 0명 → 다음 라운드로
2026-03-24 14:11:01,070 [INFO]     라운드 시도: 준결승 (rhCd=5)
2026-03-24 14:11:01,650 [INFO]     ✘ 선수 0명 → 다음 라운드로
2026-03-24 14:11:01,650 [INFO]     라운드 시도: 준결승 (rhCd=5)
2026-03-24 14:11:02,220 [INFO]     ✘ 선수 0명 → 다음 라운드로
2026-03-24 14:11:02,221 [INFO]     라운드 시도: 준결승 (rhCd=5)
2026-03-24 14:11:02,786 [INFO]     ✘ 선수 0명 → 다음 라운드로
2026-03-24 14:11:02,787 [INFO]     라운드 시도: 준결승 (rhCd=5)
2026-03-24 14:11:03,358 [INFO]     ✘ 선수 0명 → 다음 라운드로
2026-03-24 14:11:03,359 [INFO]     라운드 시도: 준결승 (rhCd=5)
2026-03-24 14:11:03,933 [INFO]     ✘ 선수 0명 → 다음 라운드로
2026-03-24 14:11:03,934 [INFO]     라운드 시도: 준결승 (rhCd=5)
2026-03-24 14:11:04,508 [INFO]     ✘ 선수 0명 → 다음 라운드로
2026-03-24 14:11:04,508 [INFO]     라운드 시도: 준결승 (rhCd=5)
2026-03-24 14:11:05,097 [INFO]     ✘ 선수 0명 → 다음 라운드로
2026-03-24 14:11:05,098 [INFO]     라운드 시도: 준결승 (rhCd=5)
2026-03-24 14:11:05,687 [INFO]     ✘ 선수 0명 → 다음 라운드로
2026-03-24 14:11:05,687 [INFO]     라운드 시도: 준결승 (rhCd=5)
2026-03-24 14:11:06,258 [INFO]     ✘ 선수 0명 → 다음 라운드로
2026-03-24 14:11:06,259 [INFO]     라운드 시도: 준결승 (rhCd=5)
2026-03-24 14:11:06,819 [INFO]     ✘ 선수 0명 → 다음 라운드로
2026-03-24 14:11:06,819 [INFO]     라운드 시도: 준결승 (rhCd=5)
2026-03-24 14:11:07,385 [INFO]     ✘ 선수 0명 → 다음 라운드로
2026-03-24 14:11:07,385 [INFO]     라운드 시도: 준결승 (rhCd=5)
2026-03-24 14:11:07,954 [INFO]     ✘ 선수 0명 → 다음 라운드로
2026-03-24 14:11:07,954 [INFO]     라운드 시도: 준결승 (rhCd=5)
2026-03-24 14:11:08,523 [INFO]     ✘ 선수 0명 → 다음 라운드로
2026-03-24 14:11:08,524 [INFO]     라운드 시도: 준결승 (rhCd=5)
2026-03-24 14:11:09,100 [INFO]     ✘ 선수 0명 → 다음 라운드로
2026-03-24 14:11:09,100 [INFO]     라운드 시도: 준결승 (rhCd=5)
2026-03-24 14:11:09,682 [INFO]     ✘ 선수 0명 → 다음 라운드로
2026-03-24 14:11:09,683 [INFO]     라운드 시도: 준결승 (rhCd=5)
2026-03-24 14:11:10,259 [INFO]     ✘ 선수 0명 → 다음 라운드로
2026-03-24 14:11:10,260 [INFO]     라운드 시도: 결승B (rhCd=8)
2026-03-24 14:11:10,831 [INFO]     ✘ 선수 0명 → 다음 라운드로
2026-03-24 14:11:10,832 [INFO]     라운드 시도: 결승B (rhCd=8)
2026-03-24 14:11:11,410 [INFO]     ✘ 선수 0명 → 다음 라운드로
2026-03-24 14:11:11,410 [INFO]     라운드 시도: 결승B (rhCd=8)
2026-03-24 14:11:11,992 [INFO]     ✘ 선수 0명 → 다음 라운드로
2026-03-24 14:11:11,992 [INFO]     라운드 시도: 결승B (rhCd=8)
2026-03-24 14:11:12,565 [INFO]     ✘ 선수 0명 → 다음 라운드로
2026-03-24 14:11:12,565 [INFO]     라운드 시도: 결승B (rhCd=8)
2026-03-24 14:11:13,140 [INFO]     ✘ 선수 0명 → 다음 라운드로
2026-03-24 14:11:13,141 [INFO]     라운드 시도: 결승B (rhCd=8)
2026-03-24 14:11:13,729 [INFO]     ✘ 선수 0명 → 다음 라운드로
2026-03-24 14:11:13,729 [INFO]     라운드 시도: 결승B (rhCd=8)
2026-03-24 14:11:14,301 [INFO]     ✘ 선수 0명 → 다음 라운드로
2026-03-24 14:11:14,302 [INFO]     라운드 시도: 결승B (rhCd=8)
2026-03-24 14:11:14,869 [INFO]     ✘ 선수 0명 → 다음 라운드로
2026-03-24 14:11:14,869 [INFO]     라운드 시도: 결승B (rhCd=8)
2026-03-24 14:11:15,436 [INFO]     ✘ 선수 0명 → 다음 라운드로
2026-03-24 14:11:15,437 [INFO]     라운드 시도: 결승B (rhCd=8)
2026-03-24 14:11:16,001 [INFO]     ✘ 선수 0명 → 다음 라운드로
2026-03-24 14:11:16,002 [INFO]     라운드 시도: 결승B (rhCd=8)
2026-03-24 14:11:16,567 [INFO]     ✘ 선수 0명 → 다음 라운드로
2026-03-24 14:11:16,567 [INFO]     라운드 시도: 결승B (rhCd=8)
2026-03-24 14:11:17,137 [INFO]     ✘ 선수 0명 → 다음 라운드로
2026-03-24 14:11:17,138 [INFO]     라운드 시도: 결승B (rhCd=8)
2026-03-24 14:11:17,704 [INFO]     ✘ 선수 0명 → 다음 라운드로
2026-03-24 14:11:17,704 [INFO]     라운드 시도: 결승B (rhCd=8)
2026-03-24 14:11:18,265 [INFO]     ✘ 선수 0명 → 다음 라운드로
2026-03-24 14:11:18,265 [INFO]     라운드 시도: 결승B (rhCd=8)
2026-03-24 14:11:18,929 [INFO]     ✘ 선수 0명 → 다음 라운드로
2026-03-24 14:11:18,929 [INFO]     라운드 시도: 결승B (rhCd=8)
2026-03-24 14:11:19,500 [INFO]     ✘ 선수 0명 → 다음 라운드로
2026-03-24 14:11:19,500 [INFO]     라운드 시도: 결승B (rhCd=8)
2026-03-24 14:11:20,059 [INFO]     ✘ 선수 0명 → 다음 라운드로
2026-03-24 14:11:20,059 [INFO]     라운드 시도: 결승B (rhCd=8)
2026-03-24 14:11:20,629 [INFO]     ✘ 선수 0명 → 다음 라운드로
2026-03-24 14:11:20,629 [INFO]     라운드 시도: 결승B (rhCd=8)
2026-03-24 14:11:21,189 [INFO]     ✘ 선수 0명 → 다음 라운드로
2026-03-24 14:11:21,190 [INFO]     라운드 시도: 결승B (rhCd=8)
2026-03-24 14:11:21,753 [INFO]     ✘ 선수 0명 → 다음 라운드로
2026-03-24 14:11:21,753 [INFO]     라운드 시도: 결승B (rhCd=8)
2026-03-24 14:11:22,316 [INFO]     ✘ 선수 0명 → 다음 라운드로
2026-03-24 14:11:22,316 [INFO]     라운드 시도: 결승B (rhCd=8)
2026-03-24 14:11:22,875 [INFO]     ✘ 선수 0명 → 다음 라운드로
2026-03-24 14:11:22,875 [INFO]     라운드 시도: 결승B (rhCd=8)
2026-03-24 14:11:23,439 [INFO]     ✘ 선수 0명 → 다음 라운드로
2026-03-24 14:11:23,439 [INFO]     라운드 시도: 결승B (rhCd=8)
2026-03-24 14:11:23,998 [INFO]     ✘ 선수 0명 → 다음 라운드로
2026-03-24 14:11:23,999 [INFO]     라운드 시도: 결승B (rhCd=8)
2026-03-24 14:11:24,563 [INFO]     ✘ 선수 0명 → 다음 라운드로
2026-03-24 14:11:24,563 [INFO]     라운드 시도: 결승B (rhCd=8)
2026-03-24 14:11:25,222 [INFO]     ✘ 선수 0명 → 다음 라운드로
2026-03-24 14:11:25,222 [INFO]     라운드 시도: 결승B (rhCd=8)
2026-03-24 14:11:25,780 [INFO]     ✘ 선수 0명 → 다음 라운드로
2026-03-24 14:11:25,780 [INFO]     라운드 시도: 결승B (rhCd=8)
2026-03-24 14:11:26,346 [INFO]     ✘ 선수 0명 → 다음 라운드로
2026-03-24 14:11:26,346 [INFO]     라운드 시도: 결승B (rhCd=8)
2026-03-24 14:11:26,915 [INFO]     ✘ 선수 0명 → 다음 라운드로
2026-03-24 14:11:26,915 [INFO]     라운드 시도: 결승B (rhCd=8)
2026-03-24 14:11:27,481 [INFO]     ✘ 선수 0명 → 다음 라운드로
2026-03-24 14:11:27,482 [INFO]     라운드 시도: 결승B (rhCd=8)
2026-03-24 14:11:28,047 [INFO]     ✘ 선수 0명 → 다음 라운드로
2026-03-24 14:11:28,047 [INFO]     라운드 시도: 결승B (rhCd=8)
2026-03-24 14:11:28,610 [INFO]     ✘ 선수 0명 → 다음 라운드로
2026-03-24 14:11:28,611 [INFO]     라운드 시도: 결승B (rhCd=8)
2026-03-24 14:11:29,175 [INFO]     ✘ 선수 0명 → 다음 라운드로
2026-03-24 14:11:29,175 [INFO]     라운드 시도: 결승B (rhCd=8)
2026-03-24 14:11:29,739 [INFO]     ✘ 선수 0명 → 다음 라운드로
2026-03-24 14:11:29,740 [INFO]     라운드 시도: 결승B (rhCd=8)
2026-03-24 14:11:30,302 [INFO]     ✘ 선수 0명 → 다음 라운드로
2026-03-24 14:11:30,302 [INFO]     라운드 시도: 결승B (rhCd=8)
2026-03-24 14:11:30,874 [INFO]     ✘ 선수 0명 → 다음 라운드로
2026-03-24 14:11:30,874 [INFO]     라운드 시도: 결승 (rhCd=9)
2026-03-24 14:11:31,442 [INFO]     ✔ 유효 라운드 확정: 결승 → 선수 1명
2026-03-24 14:11:31,443 [INFO]   채택 라운드: 결승 | 선수 1명
2026-03-24 14:11:31,455 [INFO]   완료: 신규=0, 중복skip=1
2026-03-24 14:11:31,456 [INFO] ▶ 종별=남자초등3,4학년, 종목=500M
2026-03-24 14:11:32,086 [INFO]     라운드 시도: 예선 (rhCd=1)
2026-03-24 14:11:32,649 [INFO]     ✘ 선수 0명 → 다음 라운드로
2026-03-24 14:11:32,649 [INFO]     라운드 시도: 예선 (rhCd=1)
2026-03-24 14:11:33,210 [INFO]     ✘ 선수 0명 → 다음 라운드로
2026-03-24 14:11:33,211 [INFO]     라운드 시도: 예선 (rhCd=1)
2026-03-24 14:11:33,775 [INFO]     ✘ 선수 0명 → 다음 라운드로
2026-03-24 14:11:33,776 [INFO]     라운드 시도: 예선 (rhCd=1)
2026-03-24 14:11:34,334 [INFO]     ✘ 선수 0명 → 다음 라운드로
2026-03-24 14:11:34,335 [INFO]     라운드 시도: 예선 (rhCd=1)
2026-03-24 14:11:34,901 [INFO]     ✘ 선수 0명 → 다음 라운드로
2026-03-24 14:11:34,901 [INFO]     라운드 시도: 예선 (rhCd=1)
2026-03-24 14:11:35,469 [INFO]     ✘ 선수 0명 → 다음 라운드로
2026-03-24 14:11:35,469 [INFO]     라운드 시도: 예선 (rhCd=1)
2026-03-24 14:11:36,034 [INFO]     ✘ 선수 0명 → 다음 라운드로
2026-03-24 14:11:36,035 [INFO]     라운드 시도: 예선 (rhCd=1)
2026-03-24 14:11:36,593 [INFO]     ✘ 선수 0명 → 다음 라운드로
2026-03-24 14:11:36,594 [INFO]     라운드 시도: 준준결승 (rhCd=4)
2026-03-24 14:11:37,164 [INFO]     ✘ 선수 0명 → 다음 라운드로
2026-03-24 14:11:37,164 [INFO]     라운드 시도: 준준결승 (rhCd=4)
2026-03-24 14:11:37,730 [INFO]     ✘ 선수 0명 → 다음 라운드로
2026-03-24 14:11:37,731 [INFO]     라운드 시도: 준준결승 (rhCd=4)
2026-03-24 14:11:38,298 [INFO]     ✘ 선수 0명 → 다음 라운드로
2026-03-24 14:11:38,298 [INFO]     라운드 시도: 준준결승 (rhCd=4)
2026-03-24 14:11:38,855 [INFO]     ✘ 선수 0명 → 다음 라운드로
2026-03-24 14:11:38,856 [INFO]     라운드 시도: 준준결승 (rhCd=4)
2026-03-24 14:11:39,434 [INFO]     ✔ 유효 라운드 확정: 준준결승 → 선수 11명
2026-03-24 14:11:39,434 [INFO]   채택 라운드: 준준결승 | 선수 11명
2026-03-24 14:11:40,340 [INFO]   NEW: 이강우 (202403009060) 이력 21건
2026-03-24 14:11:41,553 [INFO]   NEW: 백준우 (202306010016) 이력 36건
2026-03-24 14:11:42,600 [INFO]   NEW: 김태윤 (202306010567) 이력 33건
2026-03-24 14:11:43,950 [INFO]   NEW: 김민준 (202405002566) 이력 33건
2026-03-24 14:11:44,793 [INFO]   NEW: 박건우 (202505009509) 이력 11건
2026-03-24 14:11:45,722 [INFO]   NEW: 진은성 (202306010488) 이력 12건
2026-03-24 14:11:46,990 [INFO]   NEW: 전이준 (202407003906) 이력 16건
2026-03-24 14:11:48,270 [INFO]   NEW: 안준현 (202307005735) 이력 49건
2026-03-24 14:11:49,209 [INFO]   NEW: 조준형 (202407004074) 이력 17건
2026-03-24 14:11:50,186 [INFO]   NEW: 기건우 (202405000431) 이력 18건
2026-03-24 14:11:51,165 [INFO]   NEW: 전장현 (202505003322) 이력 15건
2026-03-24 14:11:51,169 [INFO]   완료: 신규=11, 중복skip=0
2026-03-24 14:11:51,169 [INFO] ▶ 종별=남자초등3,4학년, 종목=1000M
2026-03-24 14:11:51,821 [INFO]     라운드 시도: 예선 (rhCd=1)
2026-03-24 14:11:52,384 [INFO]     ✘ 선수 0명 → 다음 라운드로
2026-03-24 14:11:52,384 [INFO]     라운드 시도: 예선 (rhCd=1)
2026-03-24 14:11:52,940 [INFO]     ✘ 선수 0명 → 다음 라운드로
2026-03-24 14:11:52,941 [INFO]     라운드 시도: 예선 (rhCd=1)
2026-03-24 14:11:53,502 [INFO]     ✘ 선수 0명 → 다음 라운드로
2026-03-24 14:11:53,503 [INFO]     라운드 시도: 예선 (rhCd=1)
2026-03-24 14:11:54,072 [INFO]     ✘ 선수 0명 → 다음 라운드로
2026-03-24 14:11:54,072 [INFO]     라운드 시도: 예선 (rhCd=1)
2026-03-24 14:11:54,641 [INFO]     ✘ 선수 0명 → 다음 라운드로
2026-03-24 14:11:54,641 [INFO]     라운드 시도: 예선 (rhCd=1)
2026-03-24 14:11:55,202 [INFO]     ✘ 선수 0명 → 다음 라운드로
2026-03-24 14:11:55,203 [INFO]     라운드 시도: 예선 (rhCd=1)
2026-03-24 14:11:55,769 [INFO]     ✘ 선수 0명 → 다음 라운드로
2026-03-24 14:11:55,769 [INFO]     라운드 시도: 예선 (rhCd=1)
2026-03-24 14:11:56,331 [INFO]     ✘ 선수 0명 → 다음 라운드로
2026-03-24 14:11:56,331 [INFO]     라운드 시도: 준준결승 (rhCd=4)
2026-03-24 14:11:56,894 [INFO]     ✘ 선수 0명 → 다음 라운드로
2026-03-24 14:11:56,895 [INFO]     라운드 시도: 준준결승 (rhCd=4)
2026-03-24 14:11:57,458 [INFO]     ✘ 선수 0명 → 다음 라운드로
2026-03-24 14:11:57,458 [INFO]     라운드 시도: 준준결승 (rhCd=4)
2026-03-24 14:11:58,028 [INFO]     ✘ 선수 0명 → 다음 라운드로
2026-03-24 14:11:58,029 [INFO]     라운드 시도: 준준결승 (rhCd=4)
2026-03-24 14:11:58,596 [INFO]     ✘ 선수 0명 → 다음 라운드로
2026-03-24 14:11:58,597 [INFO]     라운드 시도: 준준결승 (rhCd=4)
2026-03-24 14:11:59,178 [INFO]     ✔ 유효 라운드 확정: 준준결승 → 선수 11명
2026-03-24 14:11:59,178 [INFO]   채택 라운드: 준준결승 | 선수 11명
2026-03-24 14:11:59,184 [INFO]   완료: 신규=0, 중복skip=11
2026-03-24 14:11:59,184 [INFO] ▶ 종별=남자초등3,4학년, 종목=1500M
2026-03-24 14:11:59,835 [INFO]     라운드 시도: 예선 (rhCd=1)
2026-03-24 14:12:00,406 [INFO]     ✘ 선수 0명 → 다음 라운드로
2026-03-24 14:12:00,406 [INFO]     라운드 시도: 예선 (rhCd=1)
2026-03-24 14:12:00,982 [INFO]     ✘ 선수 0명 → 다음 라운드로
2026-03-24 14:12:00,982 [INFO]     라운드 시도: 예선 (rhCd=1)
2026-03-24 14:12:01,538 [INFO]     ✘ 선수 0명 → 다음 라운드로
2026-03-24 14:12:01,538 [INFO]     라운드 시도: 예선 (rhCd=1)
2026-03-24 14:12:02,107 [INFO]     ✘ 선수 0명 → 다음 라운드로
2026-03-24 14:12:02,107 [INFO]     라운드 시도: 예선 (rhCd=1)
2026-03-24 14:12:02,751 [INFO]     ✘ 선수 0명 → 다음 라운드로
2026-03-24 14:12:02,751 [INFO]     라운드 시도: 예선 (rhCd=1)
2026-03-24 14:12:03,311 [INFO]     ✘ 선수 0명 → 다음 라운드로
2026-03-24 14:12:03,311 [INFO]     라운드 시도: 예선 (rhCd=1)
2026-03-24 14:12:03,877 [INFO]     ✘ 선수 0명 → 다음 라운드로
2026-03-24 14:12:03,877 [INFO]     라운드 시도: 예선 (rhCd=1)
2026-03-24 14:12:04,442 [INFO]     ✘ 선수 0명 → 다음 라운드로
2026-03-24 14:12:04,442 [INFO]     라운드 시도: 준준결승 (rhCd=4)
2026-03-24 14:12:05,015 [INFO]     ✘ 선수 0명 → 다음 라운드로
2026-03-24 14:12:05,015 [INFO]     라운드 시도: 준준결승 (rhCd=4)
2026-03-24 14:12:05,584 [INFO]     ✘ 선수 0명 → 다음 라운드로
2026-03-24 14:12:05,584 [INFO]     라운드 시도: 준준결승 (rhCd=4)
2026-03-24 14:12:06,145 [INFO]     ✘ 선수 0명 → 다음 라운드로
2026-03-24 14:12:06,145 [INFO]     라운드 시도: 준준결승 (rhCd=4)
2026-03-24 14:12:06,705 [INFO]     ✘ 선수 0명 → 다음 라운드로
2026-03-24 14:12:06,705 [INFO]     라운드 시도: 준준결승 (rhCd=4)
2026-03-24 14:12:07,281 [INFO]     ✔ 유효 라운드 확정: 준준결승 → 선수 11명
2026-03-24 14:12:07,281 [INFO]   채택 라운드: 준준결승 | 선수 11명
2026-03-24 14:12:07,295 [INFO]   완료: 신규=0, 중복skip=11
2026-03-24 14:12:07,295 [INFO] ▶ 종별=남자초등5,6학년, 종목=500M
2026-03-24 14:12:07,926 [INFO]     라운드 시도: 예선 (rhCd=1)
2026-03-24 14:12:08,487 [INFO]     ✘ 선수 0명 → 다음 라운드로
2026-03-24 14:12:08,488 [INFO]     라운드 시도: 예선 (rhCd=1)
2026-03-24 14:12:09,053 [INFO]     ✘ 선수 0명 → 다음 라운드로
2026-03-24 14:12:09,053 [INFO]     라운드 시도: 예선 (rhCd=1)
2026-03-24 14:12:09,619 [INFO]     ✘ 선수 0명 → 다음 라운드로
2026-03-24 14:12:09,619 [INFO]     라운드 시도: 예선 (rhCd=1)
2026-03-24 14:12:10,179 [INFO]     ✘ 선수 0명 → 다음 라운드로
2026-03-24 14:12:10,179 [INFO]     라운드 시도: 예선 (rhCd=1)
2026-03-24 14:12:10,747 [INFO]     ✘ 선수 0명 → 다음 라운드로
2026-03-24 14:12:10,748 [INFO]     라운드 시도: 예선 (rhCd=1)
2026-03-24 14:12:11,349 [INFO]     ✘ 선수 0명 → 다음 라운드로
2026-03-24 14:12:11,349 [INFO]     라운드 시도: 예선 (rhCd=1)
2026-03-24 14:12:11,911 [INFO]     ✘ 선수 0명 → 다음 라운드로
2026-03-24 14:12:11,911 [INFO]     라운드 시도: 예선 (rhCd=1)
2026-03-24 14:12:12,470 [INFO]     ✘ 선수 0명 → 다음 라운드로
2026-03-24 14:12:12,470 [INFO]     라운드 시도: 준준결승 (rhCd=4)
2026-03-24 14:12:13,033 [INFO]     ✘ 선수 0명 → 다음 라운드로
2026-03-24 14:12:13,033 [INFO]     라운드 시도: 준준결승 (rhCd=4)
2026-03-24 14:12:13,595 [INFO]     ✘ 선수 0명 → 다음 라운드로
2026-03-24 14:12:13,596 [INFO]     라운드 시도: 준준결승 (rhCd=4)
2026-03-24 14:12:14,162 [INFO]     ✘ 선수 0명 → 다음 라운드로
2026-03-24 14:12:14,162 [INFO]     라운드 시도: 준준결승 (rhCd=4)
2026-03-24 14:12:14,729 [INFO]     ✘ 선수 0명 → 다음 라운드로
2026-03-24 14:12:14,730 [INFO]     라운드 시도: 준준결승 (rhCd=4)
2026-03-24 14:12:15,314 [INFO]     ✔ 유효 라운드 확정: 준준결승 → 선수 20명
2026-03-24 14:12:15,314 [INFO]   채택 라운드: 준준결승 | 선수 20명
2026-03-24 14:12:17,144 [INFO]   NEW: 최지안 (202207007746) 이력 129건
2026-03-24 14:12:18,179 [INFO]   NEW: 김시환 (202402011599) 이력 29건
2026-03-24 14:12:19,426 [INFO]   NEW: 한서진 (202207005926) 이력 52건
2026-03-24 14:12:20,722 [INFO]   NEW: 김하루 (202306011013) 이력 44건
2026-03-24 14:12:21,958 [INFO]   NEW: 이루한 (202207004655) 이력 66건
2026-03-24 14:12:23,221 [INFO]   NEW: 조윤 (202207005136) 이력 67건
2026-03-24 14:12:24,377 [INFO]   NEW: 김범준 (202308011556) 이력 43건
2026-03-24 14:12:25,600 [INFO]   NEW: 유지안 (202208020224) 이력 46건
2026-03-24 14:12:26,708 [INFO]   NEW: 이승호 (202208020868) 이력 20건
2026-03-24 14:12:28,248 [INFO]   NEW: 노현우 (202309002707) 이력 53건
2026-03-24 14:12:29,717 [INFO]   NEW: 유세윤 (202307005348) 이력 70건
2026-03-24 14:12:30,742 [INFO]   NEW: 김하준 (202406006750) 이력 29건
2026-03-24 14:12:32,659 [INFO]   NEW: 박단빈 (202207007286) 이력 115건
2026-03-24 14:12:33,677 [INFO]   NEW: 최동빈 (202306012522) 이력 26건
2026-03-24 14:12:34,863 [INFO]   NEW: 강주안 (202210003727) 이력 30건
2026-03-24 14:12:35,943 [INFO]   NEW: 전승헌 (202405002005) 이력 36건
2026-03-24 14:12:37,329 [INFO]   NEW: 허태영 (202307003474) 이력 54건
2026-03-24 14:12:39,040 [INFO]   NEW: 문서준 (202207004486) 이력 64건
2026-03-24 14:12:40,194 [INFO]   NEW: 김현종 (202207005279) 이력 37건
2026-03-24 14:12:42,249 [INFO]   NEW: 김민재 (202203011262) 이력 93건
2026-03-24 14:12:42,252 [INFO]   완료: 신규=20, 중복skip=0
2026-03-24 14:12:42,252 [INFO] ▶ 종별=남자초등5,6학년, 종목=1000M
2026-03-24 14:12:42,876 [INFO]     라운드 시도: 예선 (rhCd=1)
2026-03-24 14:12:43,443 [INFO]     ✘ 선수 0명 → 다음 라운드로
2026-03-24 14:12:43,443 [INFO]     라운드 시도: 예선 (rhCd=1)
2026-03-24 14:12:44,068 [INFO]     ✘ 선수 0명 → 다음 라운드로
2026-03-24 14:12:44,069 [INFO]     라운드 시도: 예선 (rhCd=1)
2026-03-24 14:12:44,634 [INFO]     ✘ 선수 0명 → 다음 라운드로
2026-03-24 14:12:44,634 [INFO]     라운드 시도: 예선 (rhCd=1)
2026-03-24 14:12:45,207 [INFO]     ✘ 선수 0명 → 다음 라운드로
2026-03-24 14:12:45,207 [INFO]     라운드 시도: 예선 (rhCd=1)
2026-03-24 14:12:45,769 [INFO]     ✘ 선수 0명 → 다음 라운드로
2026-03-24 14:12:45,769 [INFO]     라운드 시도: 예선 (rhCd=1)
2026-03-24 14:12:46,330 [INFO]     ✘ 선수 0명 → 다음 라운드로
2026-03-24 14:12:46,330 [INFO]     라운드 시도: 예선 (rhCd=1)
2026-03-24 14:12:46,891 [INFO]     ✘ 선수 0명 → 다음 라운드로
2026-03-24 14:12:46,891 [INFO]     라운드 시도: 예선 (rhCd=1)
2026-03-24 14:12:47,461 [INFO]     ✘ 선수 0명 → 다음 라운드로
2026-03-24 14:12:47,461 [INFO]     라운드 시도: 준준결승 (rhCd=4)
2026-03-24 14:12:48,022 [INFO]     ✘ 선수 0명 → 다음 라운드로
2026-03-24 14:12:48,022 [INFO]     라운드 시도: 준준결승 (rhCd=4)
2026-03-24 14:12:48,582 [INFO]     ✘ 선수 0명 → 다음 라운드로
2026-03-24 14:12:48,583 [INFO]     라운드 시도: 준준결승 (rhCd=4)
2026-03-24 14:12:49,137 [INFO]     ✘ 선수 0명 → 다음 라운드로
2026-03-24 14:12:49,137 [INFO]     라운드 시도: 준준결승 (rhCd=4)
2026-03-24 14:12:49,699 [INFO]     ✘ 선수 0명 → 다음 라운드로
2026-03-24 14:12:49,700 [INFO]     라운드 시도: 준준결승 (rhCd=4)
2026-03-24 14:12:50,275 [INFO]     ✔ 유효 라운드 확정: 준준결승 → 선수 20명
2026-03-24 14:12:50,275 [INFO]   채택 라운드: 준준결승 | 선수 20명
2026-03-24 14:12:50,282 [INFO]   완료: 신규=0, 중복skip=20
2026-03-24 14:12:50,282 [INFO] ▶ 종별=남자초등5,6학년, 종목=1500M
2026-03-24 14:12:50,907 [INFO]     라운드 시도: 예선 (rhCd=1)
2026-03-24 14:12:51,470 [INFO]     ✘ 선수 0명 → 다음 라운드로
2026-03-24 14:12:51,471 [INFO]     라운드 시도: 예선 (rhCd=1)
2026-03-24 14:12:52,040 [INFO]     ✘ 선수 0명 → 다음 라운드로
2026-03-24 14:12:52,040 [INFO]     라운드 시도: 예선 (rhCd=1)
2026-03-24 14:12:52,604 [INFO]     ✘ 선수 0명 → 다음 라운드로
2026-03-24 14:12:52,605 [INFO]     라운드 시도: 예선 (rhCd=1)
2026-03-24 14:12:53,169 [INFO]     ✘ 선수 0명 → 다음 라운드로
2026-03-24 14:12:53,170 [INFO]     라운드 시도: 예선 (rhCd=1)
2026-03-24 14:12:53,736 [INFO]     ✘ 선수 0명 → 다음 라운드로
2026-03-24 14:12:53,736 [INFO]     라운드 시도: 예선 (rhCd=1)
2026-03-24 14:12:54,301 [INFO]     ✘ 선수 0명 → 다음 라운드로
2026-03-24 14:12:54,302 [INFO]     라운드 시도: 예선 (rhCd=1)
2026-03-24 14:12:54,867 [INFO]     ✘ 선수 0명 → 다음 라운드로
2026-03-24 14:12:54,867 [INFO]     라운드 시도: 예선 (rhCd=1)
2026-03-24 14:12:55,433 [INFO]     ✘ 선수 0명 → 다음 라운드로
2026-03-24 14:12:55,433 [INFO]     라운드 시도: 준준결승 (rhCd=4)
2026-03-24 14:12:56,003 [INFO]     ✘ 선수 0명 → 다음 라운드로
2026-03-24 14:12:56,004 [INFO]     라운드 시도: 준준결승 (rhCd=4)
2026-03-24 14:12:56,576 [INFO]     ✘ 선수 0명 → 다음 라운드로
2026-03-24 14:12:56,577 [INFO]     라운드 시도: 준준결승 (rhCd=4)
2026-03-24 14:12:57,141 [INFO]     ✘ 선수 0명 → 다음 라운드로
2026-03-24 14:12:57,141 [INFO]     라운드 시도: 준준결승 (rhCd=4)
2026-03-24 14:12:57,704 [INFO]     ✘ 선수 0명 → 다음 라운드로
2026-03-24 14:12:57,704 [INFO]     라운드 시도: 준준결승 (rhCd=4)
2026-03-24 14:12:58,286 [INFO]     ✔ 유효 라운드 확정: 준준결승 → 선수 20명
2026-03-24 14:12:58,286 [INFO]   채택 라운드: 준준결승 | 선수 20명
2026-03-24 14:12:58,291 [INFO]   완료: 신규=0, 중복skip=20
2026-03-24 14:12:58,292 [INFO] ▶ 종별=여자초등1,2학년, 종목=500M
2026-03-24 14:12:58,917 [INFO]     라운드 시도: 예선 (rhCd=1)
2026-03-24 14:12:59,478 [INFO]     ✘ 선수 0명 → 다음 라운드로
2026-03-24 14:12:59,479 [INFO]     라운드 시도: 예선 (rhCd=1)
2026-03-24 14:13:00,047 [INFO]     ✘ 선수 0명 → 다음 라운드로
2026-03-24 14:13:00,048 [INFO]     라운드 시도: 예선 (rhCd=1)
2026-03-24 14:13:00,620 [INFO]     ✘ 선수 0명 → 다음 라운드로
2026-03-24 14:13:00,620 [INFO]     라운드 시도: 예선 (rhCd=1)
2026-03-24 14:13:01,180 [INFO]     ✘ 선수 0명 → 다음 라운드로
2026-03-24 14:13:01,180 [INFO]     라운드 시도: 예선 (rhCd=1)
2026-03-24 14:13:01,748 [INFO]     ✘ 선수 0명 → 다음 라운드로
2026-03-24 14:13:01,748 [INFO]     라운드 시도: 예선 (rhCd=1)
2026-03-24 14:13:02,575 [INFO]     ✘ 선수 0명 → 다음 라운드로
2026-03-24 14:13:02,576 [INFO]     라운드 시도: 예선 (rhCd=1)
2026-03-24 14:13:03,148 [INFO]     ✘ 선수 0명 → 다음 라운드로
2026-03-24 14:13:03,149 [INFO]     라운드 시도: 예선 (rhCd=1)
2026-03-24 14:13:03,714 [INFO]     ✘ 선수 0명 → 다음 라운드로
2026-03-24 14:13:03,714 [INFO]     라운드 시도: 준준결승 (rhCd=4)
2026-03-24 14:13:04,388 [INFO]     ✘ 선수 0명 → 다음 라운드로
2026-03-24 14:13:04,389 [INFO]     라운드 시도: 준준결승 (rhCd=4)
2026-03-24 14:13:04,953 [INFO]     ✘ 선수 0명 → 다음 라운드로
2026-03-24 14:13:04,953 [INFO]     라운드 시도: 준준결승 (rhCd=4)
2026-03-24 14:13:05,517 [INFO]     ✘ 선수 0명 → 다음 라운드로
2026-03-24 14:13:05,517 [INFO]     라운드 시도: 준준결승 (rhCd=4)
2026-03-24 14:13:06,083 [INFO]     ✘ 선수 0명 → 다음 라운드로
2026-03-24 14:13:06,083 [INFO]     라운드 시도: 준준결승 (rhCd=4)
2026-03-24 14:13:06,647 [INFO]     ✘ 선수 0명 → 다음 라운드로
2026-03-24 14:13:06,647 [INFO]     라운드 시도: 준준결승 (rhCd=4)
2026-03-24 14:13:07,212 [INFO]     ✘ 선수 0명 → 다음 라운드로
2026-03-24 14:13:07,212 [INFO]     라운드 시도: 준준결승 (rhCd=4)
2026-03-24 14:13:07,781 [INFO]     ✘ 선수 0명 → 다음 라운드로
2026-03-24 14:13:07,781 [INFO]     라운드 시도: 준준결승 (rhCd=4)
2026-03-24 14:13:08,338 [INFO]     ✘ 선수 0명 → 다음 라운드로
2026-03-24 14:13:08,338 [INFO]     라운드 시도: 준준결승 (rhCd=4)
2026-03-24 14:13:08,897 [INFO]     ✘ 선수 0명 → 다음 라운드로
2026-03-24 14:13:08,897 [INFO]     라운드 시도: 준준결승 (rhCd=4)
2026-03-24 14:13:09,457 [INFO]     ✘ 선수 0명 → 다음 라운드로
2026-03-24 14:13:09,457 [INFO]     라운드 시도: 준준결승 (rhCd=4)
2026-03-24 14:13:10,021 [INFO]     ✘ 선수 0명 → 다음 라운드로
2026-03-24 14:13:10,021 [INFO]     라운드 시도: 준준결승 (rhCd=4)
2026-03-24 14:13:10,589 [INFO]     ✘ 선수 0명 → 다음 라운드로
2026-03-24 14:13:10,590 [INFO]     라운드 시도: 준준결승 (rhCd=4)
2026-03-24 14:13:11,150 [INFO]     ✘ 선수 0명 → 다음 라운드로
2026-03-24 14:13:11,151 [INFO]     라운드 시도: 준준결승 (rhCd=4)
2026-03-24 14:13:11,720 [INFO]     ✘ 선수 0명 → 다음 라운드로
2026-03-24 14:13:11,720 [INFO]     라운드 시도: 준준결승 (rhCd=4)
2026-03-24 14:13:12,286 [INFO]     ✘ 선수 0명 → 다음 라운드로
2026-03-24 14:13:12,286 [INFO]     라운드 시도: 준준결승 (rhCd=4)
2026-03-24 14:13:12,861 [INFO]     ✘ 선수 0명 → 다음 라운드로
2026-03-24 14:13:12,861 [INFO]     라운드 시도: 준준결승 (rhCd=4)
2026-03-24 14:13:13,429 [INFO]     ✘ 선수 0명 → 다음 라운드로
2026-03-24 14:13:13,429 [INFO]     라운드 시도: 준준결승 (rhCd=4)
2026-03-24 14:13:14,000 [INFO]     ✘ 선수 0명 → 다음 라운드로
2026-03-24 14:13:14,000 [INFO]     라운드 시도: 준준결승 (rhCd=4)
2026-03-24 14:13:14,565 [INFO]     ✘ 선수 0명 → 다음 라운드로
2026-03-24 14:13:14,565 [INFO]     라운드 시도: 준준결승 (rhCd=4)
2026-03-24 14:13:15,130 [INFO]     ✘ 선수 0명 → 다음 라운드로
2026-03-24 14:13:15,130 [INFO]     라운드 시도: 준준결승 (rhCd=4)
2026-03-24 14:13:15,699 [INFO]     ✘ 선수 0명 → 다음 라운드로
2026-03-24 14:13:15,700 [INFO]     라운드 시도: 준준결승 (rhCd=4)
2026-03-24 14:13:16,266 [INFO]     ✘ 선수 0명 → 다음 라운드로
2026-03-24 14:13:16,266 [INFO]     라운드 시도: 준준결승 (rhCd=4)
2026-03-24 14:13:16,832 [INFO]     ✘ 선수 0명 → 다음 라운드로
2026-03-24 14:13:16,832 [INFO]     라운드 시도: 준준결승 (rhCd=4)
2026-03-24 14:13:17,405 [INFO]     ✘ 선수 0명 → 다음 라운드로
2026-03-24 14:13:17,406 [INFO]     라운드 시도: 준준결승 (rhCd=4)
2026-03-24 14:13:17,983 [INFO]     ✘ 선수 0명 → 다음 라운드로
2026-03-24 14:13:17,983 [INFO]     라운드 시도: 준준결승 (rhCd=4)
2026-03-24 14:13:18,554 [INFO]     ✘ 선수 0명 → 다음 라운드로
2026-03-24 14:13:18,554 [INFO]     라운드 시도: 준준결승 (rhCd=4)
2026-03-24 14:13:19,121 [INFO]     ✘ 선수 0명 → 다음 라운드로
2026-03-24 14:13:19,121 [INFO]     라운드 시도: 준결승 (rhCd=5)
2026-03-24 14:13:19,684 [INFO]     ✘ 선수 0명 → 다음 라운드로
2026-03-24 14:13:19,684 [INFO]     라운드 시도: 준결승 (rhCd=5)
2026-03-24 14:13:20,242 [INFO]     ✘ 선수 0명 → 다음 라운드로
2026-03-24 14:13:20,243 [INFO]     라운드 시도: 준결승 (rhCd=5)
2026-03-24 14:13:20,812 [INFO]     ✘ 선수 0명 → 다음 라운드로
2026-03-24 14:13:20,813 [INFO]     라운드 시도: 준결승 (rhCd=5)
2026-03-24 14:13:21,390 [INFO]     ✘ 선수 0명 → 다음 라운드로
2026-03-24 14:13:21,391 [INFO]     라운드 시도: 준결승 (rhCd=5)
2026-03-24 14:13:21,960 [INFO]     ✘ 선수 0명 → 다음 라운드로
2026-03-24 14:13:21,960 [INFO]     라운드 시도: 준결승 (rhCd=5)
2026-03-24 14:13:22,528 [INFO]     ✘ 선수 0명 → 다음 라운드로
2026-03-24 14:13:22,528 [INFO]     라운드 시도: 준결승 (rhCd=5)
2026-03-24 14:13:23,130 [INFO]     ✘ 선수 0명 → 다음 라운드로
2026-03-24 14:13:23,131 [INFO]     라운드 시도: 준결승 (rhCd=5)
2026-03-24 14:13:23,705 [INFO]     ✘ 선수 0명 → 다음 라운드로
2026-03-24 14:13:23,705 [INFO]     라운드 시도: 준결승 (rhCd=5)
2026-03-24 14:13:24,283 [INFO]     ✘ 선수 0명 → 다음 라운드로
2026-03-24 14:13:24,284 [INFO]     라운드 시도: 준결승 (rhCd=5)
2026-03-24 14:13:24,845 [INFO]     ✘ 선수 0명 → 다음 라운드로
2026-03-24 14:13:24,846 [INFO]     라운드 시도: 준결승 (rhCd=5)
2026-03-24 14:13:25,421 [INFO]     ✘ 선수 0명 → 다음 라운드로
2026-03-24 14:13:25,422 [INFO]     라운드 시도: 준결승 (rhCd=5)
2026-03-24 14:13:25,991 [INFO]     ✘ 선수 0명 → 다음 라운드로
2026-03-24 14:13:25,992 [INFO]     라운드 시도: 준결승 (rhCd=5)
2026-03-24 14:13:26,565 [INFO]     ✘ 선수 0명 → 다음 라운드로
2026-03-24 14:13:26,566 [INFO]     라운드 시도: 준결승 (rhCd=5)
2026-03-24 14:13:27,125 [INFO]     ✘ 선수 0명 → 다음 라운드로
2026-03-24 14:13:27,126 [INFO]     라운드 시도: 준결승 (rhCd=5)
2026-03-24 14:13:27,702 [INFO]     ✘ 선수 0명 → 다음 라운드로
2026-03-24 14:13:27,703 [INFO]     라운드 시도: 준결승 (rhCd=5)
2026-03-24 14:13:28,268 [INFO]     ✘ 선수 0명 → 다음 라운드로
2026-03-24 14:13:28,268 [INFO]     라운드 시도: 준결승 (rhCd=5)
2026-03-24 14:13:28,839 [INFO]     ✘ 선수 0명 → 다음 라운드로
2026-03-24 14:13:28,839 [INFO]     라운드 시도: 준결승 (rhCd=5)
2026-03-24 14:13:29,402 [INFO]     ✘ 선수 0명 → 다음 라운드로
2026-03-24 14:13:29,402 [INFO]     라운드 시도: 준결승 (rhCd=5)
2026-03-24 14:13:29,983 [INFO]     ✘ 선수 0명 → 다음 라운드로
2026-03-24 14:13:29,984 [INFO]     라운드 시도: 준결승 (rhCd=5)
2026-03-24 14:13:30,552 [INFO]     ✘ 선수 0명 → 다음 라운드로
2026-03-24 14:13:30,553 [INFO]     라운드 시도: 준결승 (rhCd=5)
2026-03-24 14:13:31,121 [INFO]     ✘ 선수 0명 → 다음 라운드로
2026-03-24 14:13:31,121 [INFO]     라운드 시도: 준결승 (rhCd=5)
2026-03-24 14:13:31,690 [INFO]     ✘ 선수 0명 → 다음 라운드로
2026-03-24 14:13:31,691 [INFO]     라운드 시도: 준결승 (rhCd=5)
2026-03-24 14:13:32,264 [INFO]     ✘ 선수 0명 → 다음 라운드로
2026-03-24 14:13:32,264 [INFO]     라운드 시도: 준결승 (rhCd=5)
2026-03-24 14:13:32,822 [INFO]     ✘ 선수 0명 → 다음 라운드로
2026-03-24 14:13:32,822 [INFO]     라운드 시도: 준결승 (rhCd=5)
2026-03-24 14:13:33,386 [INFO]     ✘ 선수 0명 → 다음 라운드로
2026-03-24 14:13:33,386 [INFO]     라운드 시도: 준결승 (rhCd=5)
2026-03-24 14:13:33,950 [INFO]     ✘ 선수 0명 → 다음 라운드로
2026-03-24 14:13:33,950 [INFO]     라운드 시도: 준결승 (rhCd=5)
2026-03-24 14:13:34,512 [INFO]     ✘ 선수 0명 → 다음 라운드로
2026-03-24 14:13:34,513 [INFO]     라운드 시도: 준결승 (rhCd=5)
2026-03-24 14:13:35,084 [INFO]     ✘ 선수 0명 → 다음 라운드로
2026-03-24 14:13:35,084 [INFO]     라운드 시도: 준결승 (rhCd=5)
2026-03-24 14:13:35,660 [INFO]     ✘ 선수 0명 → 다음 라운드로
2026-03-24 14:13:35,660 [INFO]     라운드 시도: 준결승 (rhCd=5)
2026-03-24 14:13:36,222 [INFO]     ✘ 선수 0명 → 다음 라운드로
2026-03-24 14:13:36,223 [INFO]     라운드 시도: 준결승 (rhCd=5)
2026-03-24 14:13:36,782 [INFO]     ✘ 선수 0명 → 다음 라운드로
2026-03-24 14:13:36,782 [INFO]     라운드 시도: 준결승 (rhCd=5)
2026-03-24 14:13:37,343 [INFO]     ✘ 선수 0명 → 다음 라운드로
2026-03-24 14:13:37,343 [INFO]     라운드 시도: 준결승 (rhCd=5)
2026-03-24 14:13:37,910 [INFO]     ✘ 선수 0명 → 다음 라운드로
2026-03-24 14:13:37,910 [INFO]     라운드 시도: 준결승 (rhCd=5)
2026-03-24 14:13:38,474 [INFO]     ✘ 선수 0명 → 다음 라운드로
2026-03-24 14:13:38,475 [INFO]     라운드 시도: 준결승 (rhCd=5)
2026-03-24 14:13:39,041 [INFO]     ✘ 선수 0명 → 다음 라운드로
2026-03-24 14:13:39,041 [INFO]     라운드 시도: 준결승 (rhCd=5)
2026-03-24 14:13:39,600 [INFO]     ✘ 선수 0명 → 다음 라운드로
2026-03-24 14:13:39,600 [INFO]     라운드 시도: 결승B (rhCd=8)
2026-03-24 14:13:40,174 [INFO]     ✘ 선수 0명 → 다음 라운드로
2026-03-24 14:13:40,175 [INFO]     라운드 시도: 결승B (rhCd=8)
2026-03-24 14:13:40,741 [INFO]     ✘ 선수 0명 → 다음 라운드로
2026-03-24 14:13:40,742 [INFO]     라운드 시도: 결승B (rhCd=8)
2026-03-24 14:13:41,314 [INFO]     ✘ 선수 0명 → 다음 라운드로
2026-03-24 14:13:41,314 [INFO]     라운드 시도: 결승B (rhCd=8)
2026-03-24 14:13:41,880 [INFO]     ✘ 선수 0명 → 다음 라운드로
2026-03-24 14:13:41,880 [INFO]     라운드 시도: 결승B (rhCd=8)
2026-03-24 14:13:42,448 [INFO]     ✘ 선수 0명 → 다음 라운드로
2026-03-24 14:13:42,448 [INFO]     라운드 시도: 결승B (rhCd=8)
2026-03-24 14:13:43,018 [INFO]     ✘ 선수 0명 → 다음 라운드로
2026-03-24 14:13:43,018 [INFO]     라운드 시도: 결승B (rhCd=8)
2026-03-24 14:13:43,589 [INFO]     ✘ 선수 0명 → 다음 라운드로
2026-03-24 14:13:43,590 [INFO]     라운드 시도: 결승B (rhCd=8)
2026-03-24 14:13:44,155 [INFO]     ✘ 선수 0명 → 다음 라운드로
2026-03-24 14:13:44,155 [INFO]     라운드 시도: 결승B (rhCd=8)
2026-03-24 14:13:44,734 [INFO]     ✘ 선수 0명 → 다음 라운드로
2026-03-24 14:13:44,734 [INFO]     라운드 시도: 결승B (rhCd=8)
2026-03-24 14:13:45,297 [INFO]     ✘ 선수 0명 → 다음 라운드로
2026-03-24 14:13:45,297 [INFO]     라운드 시도: 결승B (rhCd=8)
2026-03-24 14:13:45,866 [INFO]     ✘ 선수 0명 → 다음 라운드로
2026-03-24 14:13:45,867 [INFO]     라운드 시도: 결승B (rhCd=8)
2026-03-24 14:13:46,427 [INFO]     ✘ 선수 0명 → 다음 라운드로
2026-03-24 14:13:46,427 [INFO]     라운드 시도: 결승B (rhCd=8)
2026-03-24 14:13:46,993 [INFO]     ✘ 선수 0명 → 다음 라운드로
2026-03-24 14:13:46,993 [INFO]     라운드 시도: 결승B (rhCd=8)
2026-03-24 14:13:47,562 [INFO]     ✘ 선수 0명 → 다음 라운드로
2026-03-24 14:13:47,562 [INFO]     라운드 시도: 결승B (rhCd=8)
2026-03-24 14:13:48,125 [INFO]     ✘ 선수 0명 → 다음 라운드로
2026-03-24 14:13:48,126 [INFO]     라운드 시도: 결승B (rhCd=8)
2026-03-24 14:13:48,695 [INFO]     ✘ 선수 0명 → 다음 라운드로
2026-03-24 14:13:48,696 [INFO]     라운드 시도: 결승B (rhCd=8)
2026-03-24 14:13:49,261 [INFO]     ✘ 선수 0명 → 다음 라운드로
2026-03-24 14:13:49,262 [INFO]     라운드 시도: 결승B (rhCd=8)
2026-03-24 14:13:49,833 [INFO]     ✘ 선수 0명 → 다음 라운드로
2026-03-24 14:13:49,834 [INFO]     라운드 시도: 결승B (rhCd=8)
2026-03-24 14:13:50,394 [INFO]     ✘ 선수 0명 → 다음 라운드로
2026-03-24 14:13:50,395 [INFO]     라운드 시도: 결승B (rhCd=8)
2026-03-24 14:13:50,961 [INFO]     ✘ 선수 0명 → 다음 라운드로
2026-03-24 14:13:50,961 [INFO]     라운드 시도: 결승B (rhCd=8)
2026-03-24 14:13:51,525 [INFO]     ✘ 선수 0명 → 다음 라운드로
2026-03-24 14:13:51,525 [INFO]     라운드 시도: 결승B (rhCd=8)
2026-03-24 14:13:52,145 [INFO]     ✘ 선수 0명 → 다음 라운드로
2026-03-24 14:13:52,145 [INFO]     라운드 시도: 결승B (rhCd=8)
2026-03-24 14:13:52,710 [INFO]     ✘ 선수 0명 → 다음 라운드로
2026-03-24 14:13:52,710 [INFO]     라운드 시도: 결승B (rhCd=8)
2026-03-24 14:13:53,284 [INFO]     ✘ 선수 0명 → 다음 라운드로
2026-03-24 14:13:53,285 [INFO]     라운드 시도: 결승B (rhCd=8)
2026-03-24 14:13:53,853 [INFO]     ✘ 선수 0명 → 다음 라운드로
2026-03-24 14:13:53,853 [INFO]     라운드 시도: 결승B (rhCd=8)
2026-03-24 14:13:54,421 [INFO]     ✘ 선수 0명 → 다음 라운드로
2026-03-24 14:13:54,421 [INFO]     라운드 시도: 결승B (rhCd=8)
2026-03-24 14:13:55,002 [INFO]     ✘ 선수 0명 → 다음 라운드로
2026-03-24 14:13:55,002 [INFO]     라운드 시도: 결승B (rhCd=8)
2026-03-24 14:13:55,564 [INFO]     ✘ 선수 0명 → 다음 라운드로
2026-03-24 14:13:55,565 [INFO]     라운드 시도: 결승B (rhCd=8)
2026-03-24 14:13:56,134 [INFO]     ✘ 선수 0명 → 다음 라운드로
2026-03-24 14:13:56,134 [INFO]     라운드 시도: 결승B (rhCd=8)
2026-03-24 14:13:56,701 [INFO]     ✘ 선수 0명 → 다음 라운드로
2026-03-24 14:13:56,701 [INFO]     라운드 시도: 결승B (rhCd=8)
2026-03-24 14:13:57,264 [INFO]     ✘ 선수 0명 → 다음 라운드로
2026-03-24 14:13:57,264 [INFO]     라운드 시도: 결승B (rhCd=8)
2026-03-24 14:13:57,842 [INFO]     ✘ 선수 0명 → 다음 라운드로
2026-03-24 14:13:57,842 [INFO]     라운드 시도: 결승B (rhCd=8)
2026-03-24 14:13:58,405 [INFO]     ✘ 선수 0명 → 다음 라운드로
2026-03-24 14:13:58,405 [INFO]     라운드 시도: 결승B (rhCd=8)
2026-03-24 14:13:58,969 [INFO]     ✘ 선수 0명 → 다음 라운드로
2026-03-24 14:13:58,969 [INFO]     라운드 시도: 결승B (rhCd=8)
2026-03-24 14:13:59,541 [INFO]     ✘ 선수 0명 → 다음 라운드로
2026-03-24 14:13:59,542 [INFO]     라운드 시도: 결승B (rhCd=8)
2026-03-24 14:14:00,349 [INFO]     ✘ 선수 0명 → 다음 라운드로
2026-03-24 14:14:00,349 [INFO]     라운드 시도: 결승 (rhCd=9)
2026-03-24 14:14:00,924 [INFO]     ✔ 유효 라운드 확정: 결승 → 선수 1명
2026-03-24 14:14:00,924 [INFO]   채택 라운드: 결승 | 선수 1명
2026-03-24 14:14:01,770 [INFO]   NEW: 이예하 (202505001936) 이력 6건
2026-03-24 14:14:01,775 [INFO]   완료: 신규=1, 중복skip=0
2026-03-24 14:14:01,775 [INFO] ▶ 종별=여자초등1,2학년, 종목=1000M
2026-03-24 14:14:02,421 [INFO]     라운드 시도: 예선 (rhCd=1)
2026-03-24 14:14:02,992 [INFO]     ✘ 선수 0명 → 다음 라운드로
2026-03-24 14:14:02,992 [INFO]     라운드 시도: 예선 (rhCd=1)
2026-03-24 14:14:03,556 [INFO]     ✘ 선수 0명 → 다음 라운드로
2026-03-24 14:14:03,556 [INFO]     라운드 시도: 예선 (rhCd=1)
2026-03-24 14:14:04,122 [INFO]     ✘ 선수 0명 → 다음 라운드로
2026-03-24 14:14:04,122 [INFO]     라운드 시도: 예선 (rhCd=1)
2026-03-24 14:14:04,688 [INFO]     ✘ 선수 0명 → 다음 라운드로
2026-03-24 14:14:04,689 [INFO]     라운드 시도: 예선 (rhCd=1)
2026-03-24 14:14:05,254 [INFO]     ✘ 선수 0명 → 다음 라운드로
2026-03-24 14:14:05,254 [INFO]     라운드 시도: 예선 (rhCd=1)
2026-03-24 14:14:05,821 [INFO]     ✘ 선수 0명 → 다음 라운드로
2026-03-24 14:14:05,822 [INFO]     라운드 시도: 예선 (rhCd=1)
2026-03-24 14:14:06,383 [INFO]     ✘ 선수 0명 → 다음 라운드로
2026-03-24 14:14:06,383 [INFO]     라운드 시도: 예선 (rhCd=1)
2026-03-24 14:14:06,949 [INFO]     ✘ 선수 0명 → 다음 라운드로
2026-03-24 14:14:06,949 [INFO]     라운드 시도: 준준결승 (rhCd=4)
2026-03-24 14:14:07,585 [INFO]     ✘ 선수 0명 → 다음 라운드로
2026-03-24 14:14:07,586 [INFO]     라운드 시도: 준준결승 (rhCd=4)
2026-03-24 14:14:08,144 [INFO]     ✘ 선수 0명 → 다음 라운드로
2026-03-24 14:14:08,145 [INFO]     라운드 시도: 준준결승 (rhCd=4)
2026-03-24 14:14:08,708 [INFO]     ✘ 선수 0명 → 다음 라운드로
2026-03-24 14:14:08,709 [INFO]     라운드 시도: 준준결승 (rhCd=4)
2026-03-24 14:14:09,268 [INFO]     ✘ 선수 0명 → 다음 라운드로
2026-03-24 14:14:09,268 [INFO]     라운드 시도: 준준결승 (rhCd=4)
2026-03-24 14:14:09,832 [INFO]     ✘ 선수 0명 → 다음 라운드로
2026-03-24 14:14:09,832 [INFO]     라운드 시도: 준준결승 (rhCd=4)
2026-03-24 14:14:10,398 [INFO]     ✘ 선수 0명 → 다음 라운드로
2026-03-24 14:14:10,398 [INFO]     라운드 시도: 준준결승 (rhCd=4)
2026-03-24 14:14:10,958 [INFO]     ✘ 선수 0명 → 다음 라운드로
2026-03-24 14:14:10,958 [INFO]     라운드 시도: 준준결승 (rhCd=4)
2026-03-24 14:14:11,527 [INFO]     ✘ 선수 0명 → 다음 라운드로
2026-03-24 14:14:11,528 [INFO]     라운드 시도: 준준결승 (rhCd=4)
2026-03-24 14:14:12,088 [INFO]     ✘ 선수 0명 → 다음 라운드로
2026-03-24 14:14:12,088 [INFO]     라운드 시도: 준준결승 (rhCd=4)
2026-03-24 14:14:12,659 [INFO]     ✘ 선수 0명 → 다음 라운드로
2026-03-24 14:14:12,659 [INFO]     라운드 시도: 준준결승 (rhCd=4)
2026-03-24 14:14:13,219 [INFO]     ✘ 선수 0명 → 다음 라운드로
2026-03-24 14:14:13,219 [INFO]     라운드 시도: 준준결승 (rhCd=4)
2026-03-24 14:14:13,785 [INFO]     ✘ 선수 0명 → 다음 라운드로
2026-03-24 14:14:13,785 [INFO]     라운드 시도: 준준결승 (rhCd=4)
2026-03-24 14:14:14,355 [INFO]     ✘ 선수 0명 → 다음 라운드로
2026-03-24 14:14:14,355 [INFO]     라운드 시도: 준준결승 (rhCd=4)
2026-03-24 14:14:14,916 [INFO]     ✘ 선수 0명 → 다음 라운드로
2026-03-24 14:14:14,916 [INFO]     라운드 시도: 준준결승 (rhCd=4)
2026-03-24 14:14:15,622 [INFO]     ✘ 선수 0명 → 다음 라운드로
2026-03-24 14:14:15,622 [INFO]     라운드 시도: 준준결승 (rhCd=4)
2026-03-24 14:14:16,187 [INFO]     ✘ 선수 0명 → 다음 라운드로
2026-03-24 14:14:16,187 [INFO]     라운드 시도: 준준결승 (rhCd=4)
2026-03-24 14:14:16,750 [INFO]     ✘ 선수 0명 → 다음 라운드로
2026-03-24 14:14:16,751 [INFO]     라운드 시도: 준준결승 (rhCd=4)
2026-03-24 14:14:17,318 [INFO]     ✘ 선수 0명 → 다음 라운드로
2026-03-24 14:14:17,318 [INFO]     라운드 시도: 준준결승 (rhCd=4)
2026-03-24 14:14:17,885 [INFO]     ✘ 선수 0명 → 다음 라운드로
2026-03-24 14:14:17,886 [INFO]     라운드 시도: 준준결승 (rhCd=4)
2026-03-24 14:14:18,461 [INFO]     ✘ 선수 0명 → 다음 라운드로
2026-03-24 14:14:18,461 [INFO]     라운드 시도: 준준결승 (rhCd=4)
2026-03-24 14:14:19,032 [INFO]     ✘ 선수 0명 → 다음 라운드로
2026-03-24 14:14:19,033 [INFO]     라운드 시도: 준준결승 (rhCd=4)
2026-03-24 14:14:19,599 [INFO]     ✘ 선수 0명 → 다음 라운드로
2026-03-24 14:14:19,599 [INFO]     라운드 시도: 준준결승 (rhCd=4)
2026-03-24 14:14:20,164 [INFO]     ✘ 선수 0명 → 다음 라운드로
2026-03-24 14:14:20,165 [INFO]     라운드 시도: 준준결승 (rhCd=4)
2026-03-24 14:14:20,730 [INFO]     ✘ 선수 0명 → 다음 라운드로
2026-03-24 14:14:20,731 [INFO]     라운드 시도: 준준결승 (rhCd=4)
2026-03-24 14:14:21,306 [INFO]     ✘ 선수 0명 → 다음 라운드로
2026-03-24 14:14:21,306 [INFO]     라운드 시도: 준준결승 (rhCd=4)
2026-03-24 14:14:21,873 [INFO]     ✘ 선수 0명 → 다음 라운드로
2026-03-24 14:14:21,873 [INFO]     라운드 시도: 준준결승 (rhCd=4)
2026-03-24 14:14:22,443 [INFO]     ✘ 선수 0명 → 다음 라운드로
2026-03-24 14:14:22,444 [INFO]     라운드 시도: 준결승 (rhCd=5)
2026-03-24 14:14:23,005 [INFO]     ✘ 선수 0명 → 다음 라운드로
2026-03-24 14:14:23,006 [INFO]     라운드 시도: 준결승 (rhCd=5)
2026-03-24 14:14:23,566 [INFO]     ✘ 선수 0명 → 다음 라운드로
2026-03-24 14:14:23,566 [INFO]     라운드 시도: 준결승 (rhCd=5)
2026-03-24 14:14:24,125 [INFO]     ✘ 선수 0명 → 다음 라운드로
2026-03-24 14:14:24,126 [INFO]     라운드 시도: 준결승 (rhCd=5)
2026-03-24 14:14:24,696 [INFO]     ✘ 선수 0명 → 다음 라운드로
2026-03-24 14:14:24,696 [INFO]     라운드 시도: 준결승 (rhCd=5)
2026-03-24 14:14:25,263 [INFO]     ✘ 선수 0명 → 다음 라운드로
2026-03-24 14:14:25,264 [INFO]     라운드 시도: 준결승 (rhCd=5)
2026-03-24 14:14:25,828 [INFO]     ✘ 선수 0명 → 다음 라운드로
2026-03-24 14:14:25,828 [INFO]     라운드 시도: 준결승 (rhCd=5)
2026-03-24 14:14:26,397 [INFO]     ✘ 선수 0명 → 다음 라운드로
2026-03-24 14:14:26,398 [INFO]     라운드 시도: 준결승 (rhCd=5)
2026-03-24 14:14:26,961 [INFO]     ✘ 선수 0명 → 다음 라운드로
2026-03-24 14:14:26,961 [INFO]     라운드 시도: 준결승 (rhCd=5)
2026-03-24 14:14:27,535 [INFO]     ✘ 선수 0명 → 다음 라운드로
2026-03-24 14:14:27,536 [INFO]     라운드 시도: 준결승 (rhCd=5)
2026-03-24 14:14:28,105 [INFO]     ✘ 선수 0명 → 다음 라운드로
2026-03-24 14:14:28,106 [INFO]     라운드 시도: 준결승 (rhCd=5)
2026-03-24 14:14:28,679 [INFO]     ✘ 선수 0명 → 다음 라운드로
2026-03-24 14:14:28,679 [INFO]     라운드 시도: 준결승 (rhCd=5)
2026-03-24 14:14:29,250 [INFO]     ✘ 선수 0명 → 다음 라운드로
2026-03-24 14:14:29,250 [INFO]     라운드 시도: 준결승 (rhCd=5)
2026-03-24 14:14:29,815 [INFO]     ✘ 선수 0명 → 다음 라운드로
2026-03-24 14:14:29,815 [INFO]     라운드 시도: 준결승 (rhCd=5)
2026-03-24 14:14:30,379 [INFO]     ✘ 선수 0명 → 다음 라운드로
2026-03-24 14:14:30,379 [INFO]     라운드 시도: 준결승 (rhCd=5)
2026-03-24 14:14:30,944 [INFO]     ✘ 선수 0명 → 다음 라운드로
2026-03-24 14:14:30,944 [INFO]     라운드 시도: 준결승 (rhCd=5)
2026-03-24 14:14:31,516 [INFO]     ✘ 선수 0명 → 다음 라운드로
2026-03-24 14:14:31,516 [INFO]     라운드 시도: 준결승 (rhCd=5)
2026-03-24 14:14:32,083 [INFO]     ✘ 선수 0명 → 다음 라운드로
2026-03-24 14:14:32,083 [INFO]     라운드 시도: 준결승 (rhCd=5)
2026-03-24 14:14:32,639 [INFO]     ✘ 선수 0명 → 다음 라운드로
2026-03-24 14:14:32,639 [INFO]     라운드 시도: 준결승 (rhCd=5)
2026-03-24 14:14:33,202 [INFO]     ✘ 선수 0명 → 다음 라운드로
2026-03-24 14:14:33,203 [INFO]     라운드 시도: 준결승 (rhCd=5)
2026-03-24 14:14:33,761 [INFO]     ✘ 선수 0명 → 다음 라운드로
2026-03-24 14:14:33,761 [INFO]     라운드 시도: 준결승 (rhCd=5)
2026-03-24 14:14:34,327 [INFO]     ✘ 선수 0명 → 다음 라운드로
2026-03-24 14:14:34,327 [INFO]     라운드 시도: 준결승 (rhCd=5)
2026-03-24 14:14:34,890 [INFO]     ✘ 선수 0명 → 다음 라운드로
2026-03-24 14:14:34,890 [INFO]     라운드 시도: 준결승 (rhCd=5)
2026-03-24 14:14:35,453 [INFO]     ✘ 선수 0명 → 다음 라운드로
2026-03-24 14:14:35,453 [INFO]     라운드 시도: 준결승 (rhCd=5)
2026-03-24 14:14:36,014 [INFO]     ✘ 선수 0명 → 다음 라운드로
2026-03-24 14:14:36,014 [INFO]     라운드 시도: 준결승 (rhCd=5)
2026-03-24 14:14:36,571 [INFO]     ✘ 선수 0명 → 다음 라운드로
2026-03-24 14:14:36,571 [INFO]     라운드 시도: 준결승 (rhCd=5)
2026-03-24 14:14:37,134 [INFO]     ✘ 선수 0명 → 다음 라운드로
2026-03-24 14:14:37,134 [INFO]     라운드 시도: 준결승 (rhCd=5)
2026-03-24 14:14:37,693 [INFO]     ✘ 선수 0명 → 다음 라운드로
2026-03-24 14:14:37,693 [INFO]     라운드 시도: 준결승 (rhCd=5)
2026-03-24 14:14:38,268 [INFO]     ✘ 선수 0명 → 다음 라운드로
2026-03-24 14:14:38,269 [INFO]     라운드 시도: 준결승 (rhCd=5)
2026-03-24 14:14:38,907 [INFO]     ✘ 선수 0명 → 다음 라운드로
2026-03-24 14:14:38,907 [INFO]     라운드 시도: 준결승 (rhCd=5)
2026-03-24 14:14:39,474 [INFO]     ✘ 선수 0명 → 다음 라운드로
2026-03-24 14:14:39,474 [INFO]     라운드 시도: 준결승 (rhCd=5)
2026-03-24 14:14:40,037 [INFO]     ✘ 선수 0명 → 다음 라운드로
2026-03-24 14:14:40,037 [INFO]     라운드 시도: 준결승 (rhCd=5)
2026-03-24 14:14:40,592 [INFO]     ✘ 선수 0명 → 다음 라운드로
2026-03-24 14:14:40,592 [INFO]     라운드 시도: 준결승 (rhCd=5)
2026-03-24 14:14:41,157 [INFO]     ✘ 선수 0명 → 다음 라운드로
2026-03-24 14:14:41,157 [INFO]     라운드 시도: 준결승 (rhCd=5)
2026-03-24 14:14:41,725 [INFO]     ✘ 선수 0명 → 다음 라운드로
2026-03-24 14:14:41,725 [INFO]     라운드 시도: 준결승 (rhCd=5)
2026-03-24 14:14:42,292 [INFO]     ✘ 선수 0명 → 다음 라운드로
2026-03-24 14:14:42,293 [INFO]     라운드 시도: 준결승 (rhCd=5)
2026-03-24 14:14:42,861 [INFO]     ✘ 선수 0명 → 다음 라운드로
2026-03-24 14:14:42,862 [INFO]     라운드 시도: 결승B (rhCd=8)
2026-03-24 14:14:43,426 [INFO]     ✘ 선수 0명 → 다음 라운드로
2026-03-24 14:14:43,426 [INFO]     라운드 시도: 결승B (rhCd=8)
2026-03-24 14:14:43,999 [INFO]     ✘ 선수 0명 → 다음 라운드로
2026-03-24 14:14:43,999 [INFO]     라운드 시도: 결승B (rhCd=8)
2026-03-24 14:14:44,560 [INFO]     ✘ 선수 0명 → 다음 라운드로
2026-03-24 14:14:44,560 [INFO]     라운드 시도: 결승B (rhCd=8)
2026-03-24 14:14:45,126 [INFO]     ✘ 선수 0명 → 다음 라운드로
2026-03-24 14:14:45,127 [INFO]     라운드 시도: 결승B (rhCd=8)
2026-03-24 14:14:45,688 [INFO]     ✘ 선수 0명 → 다음 라운드로
2026-03-24 14:14:45,689 [INFO]     라운드 시도: 결승B (rhCd=8)
2026-03-24 14:14:46,253 [INFO]     ✘ 선수 0명 → 다음 라운드로
2026-03-24 14:14:46,254 [INFO]     라운드 시도: 결승B (rhCd=8)
2026-03-24 14:14:46,827 [INFO]     ✘ 선수 0명 → 다음 라운드로
2026-03-24 14:14:46,827 [INFO]     라운드 시도: 결승B (rhCd=8)
2026-03-24 14:14:47,388 [INFO]     ✘ 선수 0명 → 다음 라운드로
2026-03-24 14:14:47,388 [INFO]     라운드 시도: 결승B (rhCd=8)
2026-03-24 14:14:47,954 [INFO]     ✘ 선수 0명 → 다음 라운드로
2026-03-24 14:14:47,954 [INFO]     라운드 시도: 결승B (rhCd=8)
2026-03-24 14:14:48,517 [INFO]     ✘ 선수 0명 → 다음 라운드로
2026-03-24 14:14:48,517 [INFO]     라운드 시도: 결승B (rhCd=8)
2026-03-24 14:14:49,081 [INFO]     ✘ 선수 0명 → 다음 라운드로
2026-03-24 14:14:49,081 [INFO]     라운드 시도: 결승B (rhCd=8)
2026-03-24 14:14:49,646 [INFO]     ✘ 선수 0명 → 다음 라운드로
2026-03-24 14:14:49,646 [INFO]     라운드 시도: 결승B (rhCd=8)
2026-03-24 14:14:50,204 [INFO]     ✘ 선수 0명 → 다음 라운드로
2026-03-24 14:14:50,205 [INFO]     라운드 시도: 결승B (rhCd=8)
2026-03-24 14:14:50,773 [INFO]     ✘ 선수 0명 → 다음 라운드로
2026-03-24 14:14:50,774 [INFO]     라운드 시도: 결승B (rhCd=8)
2026-03-24 14:14:51,345 [INFO]     ✘ 선수 0명 → 다음 라운드로
2026-03-24 14:14:51,345 [INFO]     라운드 시도: 결승B (rhCd=8)
2026-03-24 14:14:51,903 [INFO]     ✘ 선수 0명 → 다음 라운드로
2026-03-24 14:14:51,903 [INFO]     라운드 시도: 결승B (rhCd=8)
2026-03-24 14:14:52,467 [INFO]     ✘ 선수 0명 → 다음 라운드로
2026-03-24 14:14:52,467 [INFO]     라운드 시도: 결승B (rhCd=8)
2026-03-24 14:14:53,036 [INFO]     ✘ 선수 0명 → 다음 라운드로
2026-03-24 14:14:53,037 [INFO]     라운드 시도: 결승B (rhCd=8)
2026-03-24 14:14:53,603 [INFO]     ✘ 선수 0명 → 다음 라운드로
2026-03-24 14:14:53,604 [INFO]     라운드 시도: 결승B (rhCd=8)
2026-03-24 14:14:54,159 [INFO]     ✘ 선수 0명 → 다음 라운드로
2026-03-24 14:14:54,159 [INFO]     라운드 시도: 결승B (rhCd=8)
2026-03-24 14:14:54,721 [INFO]     ✘ 선수 0명 → 다음 라운드로
2026-03-24 14:14:54,721 [INFO]     라운드 시도: 결승B (rhCd=8)
2026-03-24 14:14:55,289 [INFO]     ✘ 선수 0명 → 다음 라운드로
2026-03-24 14:14:55,289 [INFO]     라운드 시도: 결승B (rhCd=8)
2026-03-24 14:14:55,860 [INFO]     ✘ 선수 0명 → 다음 라운드로
2026-03-24 14:14:55,860 [INFO]     라운드 시도: 결승B (rhCd=8)
2026-03-24 14:14:56,433 [INFO]     ✘ 선수 0명 → 다음 라운드로
2026-03-24 14:14:56,433 [INFO]     라운드 시도: 결승B (rhCd=8)
2026-03-24 14:14:56,999 [INFO]     ✘ 선수 0명 → 다음 라운드로
2026-03-24 14:14:57,000 [INFO]     라운드 시도: 결승B (rhCd=8)
2026-03-24 14:14:57,567 [INFO]     ✘ 선수 0명 → 다음 라운드로
2026-03-24 14:14:57,567 [INFO]     라운드 시도: 결승B (rhCd=8)
2026-03-24 14:14:58,399 [INFO]     ✘ 선수 0명 → 다음 라운드로
2026-03-24 14:14:58,400 [INFO]     라운드 시도: 결승B (rhCd=8)
2026-03-24 14:14:58,980 [INFO]     ✘ 선수 0명 → 다음 라운드로
2026-03-24 14:14:58,980 [INFO]     라운드 시도: 결승B (rhCd=8)
2026-03-24 14:14:59,549 [INFO]     ✘ 선수 0명 → 다음 라운드로
2026-03-24 14:14:59,549 [INFO]     라운드 시도: 결승B (rhCd=8)
2026-03-24 14:15:00,126 [INFO]     ✘ 선수 0명 → 다음 라운드로
2026-03-24 14:15:00,126 [INFO]     라운드 시도: 결승B (rhCd=8)
2026-03-24 14:15:00,697 [INFO]     ✘ 선수 0명 → 다음 라운드로
2026-03-24 14:15:00,698 [INFO]     라운드 시도: 결승B (rhCd=8)
2026-03-24 14:15:01,266 [INFO]     ✘ 선수 0명 → 다음 라운드로
2026-03-24 14:15:01,266 [INFO]     라운드 시도: 결승B (rhCd=8)
2026-03-24 14:15:01,824 [INFO]     ✘ 선수 0명 → 다음 라운드로
2026-03-24 14:15:01,824 [INFO]     라운드 시도: 결승B (rhCd=8)
2026-03-24 14:15:02,387 [INFO]     ✘ 선수 0명 → 다음 라운드로
2026-03-24 14:15:02,387 [INFO]     라운드 시도: 결승B (rhCd=8)
2026-03-24 14:15:02,944 [INFO]     ✘ 선수 0명 → 다음 라운드로
2026-03-24 14:15:02,945 [INFO]     라운드 시도: 결승B (rhCd=8)
2026-03-24 14:15:03,505 [INFO]     ✘ 선수 0명 → 다음 라운드로
2026-03-24 14:15:03,505 [INFO]     라운드 시도: 결승 (rhCd=9)
2026-03-24 14:15:04,074 [INFO]     ✔ 유효 라운드 확정: 결승 → 선수 1명
2026-03-24 14:15:04,074 [INFO]   채택 라운드: 결승 | 선수 1명
2026-03-24 14:15:04,089 [INFO]   완료: 신규=0, 중복skip=1
2026-03-24 14:15:04,089 [INFO] ▶ 종별=여자초등1,2학년, 종목=1500M
2026-03-24 14:15:04,742 [INFO]     라운드 시도: 예선 (rhCd=1)
2026-03-24 14:15:05,312 [INFO]     ✘ 선수 0명 → 다음 라운드로
2026-03-24 14:15:05,313 [INFO]     라운드 시도: 예선 (rhCd=1)
2026-03-24 14:15:05,881 [INFO]     ✘ 선수 0명 → 다음 라운드로
2026-03-24 14:15:05,881 [INFO]     라운드 시도: 예선 (rhCd=1)
2026-03-24 14:15:06,448 [INFO]     ✘ 선수 0명 → 다음 라운드로
2026-03-24 14:15:06,448 [INFO]     라운드 시도: 예선 (rhCd=1)
2026-03-24 14:15:07,016 [INFO]     ✘ 선수 0명 → 다음 라운드로
2026-03-24 14:15:07,016 [INFO]     라운드 시도: 예선 (rhCd=1)
2026-03-24 14:15:07,588 [INFO]     ✘ 선수 0명 → 다음 라운드로
2026-03-24 14:15:07,589 [INFO]     라운드 시도: 예선 (rhCd=1)
2026-03-24 14:15:08,153 [INFO]     ✘ 선수 0명 → 다음 라운드로
2026-03-24 14:15:08,153 [INFO]     라운드 시도: 예선 (rhCd=1)
2026-03-24 14:15:08,716 [INFO]     ✘ 선수 0명 → 다음 라운드로
2026-03-24 14:15:08,717 [INFO]     라운드 시도: 예선 (rhCd=1)
2026-03-24 14:15:09,284 [INFO]     ✘ 선수 0명 → 다음 라운드로
2026-03-24 14:15:09,284 [INFO]     라운드 시도: 준준결승 (rhCd=4)
2026-03-24 14:15:09,852 [INFO]     ✘ 선수 0명 → 다음 라운드로
2026-03-24 14:15:09,852 [INFO]     라운드 시도: 준준결승 (rhCd=4)
2026-03-24 14:15:10,416 [INFO]     ✘ 선수 0명 → 다음 라운드로
2026-03-24 14:15:10,417 [INFO]     라운드 시도: 준준결승 (rhCd=4)
2026-03-24 14:15:10,979 [INFO]     ✘ 선수 0명 → 다음 라운드로
2026-03-24 14:15:10,980 [INFO]     라운드 시도: 준준결승 (rhCd=4)
2026-03-24 14:15:11,546 [INFO]     ✘ 선수 0명 → 다음 라운드로
2026-03-24 14:15:11,547 [INFO]     라운드 시도: 준준결승 (rhCd=4)
2026-03-24 14:15:12,112 [INFO]     ✘ 선수 0명 → 다음 라운드로
2026-03-24 14:15:12,112 [INFO]     라운드 시도: 준준결승 (rhCd=4)
2026-03-24 14:15:12,678 [INFO]     ✘ 선수 0명 → 다음 라운드로
2026-03-24 14:15:12,678 [INFO]     라운드 시도: 준준결승 (rhCd=4)
2026-03-24 14:15:13,250 [INFO]     ✘ 선수 0명 → 다음 라운드로
2026-03-24 14:15:13,254 [INFO]     라운드 시도: 준준결승 (rhCd=4)
2026-03-24 14:15:13,828 [INFO]     ✘ 선수 0명 → 다음 라운드로
2026-03-24 14:15:13,829 [INFO]     라운드 시도: 준준결승 (rhCd=4)
2026-03-24 14:15:14,394 [INFO]     ✘ 선수 0명 → 다음 라운드로
2026-03-24 14:15:14,395 [INFO]     라운드 시도: 준준결승 (rhCd=4)
2026-03-24 14:15:14,969 [INFO]     ✘ 선수 0명 → 다음 라운드로
2026-03-24 14:15:14,970 [INFO]     라운드 시도: 준준결승 (rhCd=4)
2026-03-24 14:15:15,534 [INFO]     ✘ 선수 0명 → 다음 라운드로
2026-03-24 14:15:15,534 [INFO]     라운드 시도: 준준결승 (rhCd=4)
2026-03-24 14:15:16,149 [INFO]     ✘ 선수 0명 → 다음 라운드로
2026-03-24 14:15:16,149 [INFO]     라운드 시도: 준준결승 (rhCd=4)
2026-03-24 14:15:16,714 [INFO]     ✘ 선수 0명 → 다음 라운드로
2026-03-24 14:15:16,715 [INFO]     라운드 시도: 준준결승 (rhCd=4)
2026-03-24 14:15:17,282 [INFO]     ✘ 선수 0명 → 다음 라운드로
2026-03-24 14:15:17,283 [INFO]     라운드 시도: 준준결승 (rhCd=4)
2026-03-24 14:15:17,846 [INFO]     ✘ 선수 0명 → 다음 라운드로
2026-03-24 14:15:17,846 [INFO]     라운드 시도: 준준결승 (rhCd=4)
2026-03-24 14:15:18,418 [INFO]     ✘ 선수 0명 → 다음 라운드로
2026-03-24 14:15:18,419 [INFO]     라운드 시도: 준준결승 (rhCd=4)
2026-03-24 14:15:18,982 [INFO]     ✘ 선수 0명 → 다음 라운드로
2026-03-24 14:15:18,982 [INFO]     라운드 시도: 준준결승 (rhCd=4)
2026-03-24 14:15:19,546 [INFO]     ✘ 선수 0명 → 다음 라운드로
2026-03-24 14:15:19,547 [INFO]     라운드 시도: 준준결승 (rhCd=4)
2026-03-24 14:15:20,108 [INFO]     ✘ 선수 0명 → 다음 라운드로
2026-03-24 14:15:20,109 [INFO]     라운드 시도: 준준결승 (rhCd=4)
2026-03-24 14:15:20,673 [INFO]     ✘ 선수 0명 → 다음 라운드로
2026-03-24 14:15:20,673 [INFO]     라운드 시도: 준준결승 (rhCd=4)
2026-03-24 14:15:21,246 [INFO]     ✘ 선수 0명 → 다음 라운드로
2026-03-24 14:15:21,247 [INFO]     라운드 시도: 준준결승 (rhCd=4)
2026-03-24 14:15:21,815 [INFO]     ✘ 선수 0명 → 다음 라운드로
2026-03-24 14:15:21,815 [INFO]     라운드 시도: 준준결승 (rhCd=4)
2026-03-24 14:15:22,387 [INFO]     ✘ 선수 0명 → 다음 라운드로
2026-03-24 14:15:22,387 [INFO]     라운드 시도: 준준결승 (rhCd=4)
2026-03-24 14:15:22,949 [INFO]     ✘ 선수 0명 → 다음 라운드로
2026-03-24 14:15:22,949 [INFO]     라운드 시도: 준준결승 (rhCd=4)
2026-03-24 14:15:23,509 [INFO]     ✘ 선수 0명 → 다음 라운드로
2026-03-24 14:15:23,509 [INFO]     라운드 시도: 준준결승 (rhCd=4)
2026-03-24 14:15:24,073 [INFO]     ✘ 선수 0명 → 다음 라운드로
2026-03-24 14:15:24,074 [INFO]     라운드 시도: 준준결승 (rhCd=4)
2026-03-24 14:15:24,650 [INFO]     ✘ 선수 0명 → 다음 라운드로
2026-03-24 14:15:24,650 [INFO]     라운드 시도: 준결승 (rhCd=5)
2026-03-24 14:15:25,215 [INFO]     ✘ 선수 0명 → 다음 라운드로
2026-03-24 14:15:25,215 [INFO]     라운드 시도: 준결승 (rhCd=5)
2026-03-24 14:15:25,778 [INFO]     ✘ 선수 0명 → 다음 라운드로
2026-03-24 14:15:25,778 [INFO]     라운드 시도: 준결승 (rhCd=5)
2026-03-24 14:15:26,342 [INFO]     ✘ 선수 0명 → 다음 라운드로
2026-03-24 14:15:26,342 [INFO]     라운드 시도: 준결승 (rhCd=5)
2026-03-24 14:15:26,912 [INFO]     ✘ 선수 0명 → 다음 라운드로
2026-03-24 14:15:26,913 [INFO]     라운드 시도: 준결승 (rhCd=5)
2026-03-24 14:15:27,478 [INFO]     ✘ 선수 0명 → 다음 라운드로
2026-03-24 14:15:27,478 [INFO]     라운드 시도: 준결승 (rhCd=5)
2026-03-24 14:15:28,049 [INFO]     ✘ 선수 0명 → 다음 라운드로
2026-03-24 14:15:28,049 [INFO]     라운드 시도: 준결승 (rhCd=5)
2026-03-24 14:15:28,609 [INFO]     ✘ 선수 0명 → 다음 라운드로
2026-03-24 14:15:28,609 [INFO]     라운드 시도: 준결승 (rhCd=5)
2026-03-24 14:15:29,177 [INFO]     ✘ 선수 0명 → 다음 라운드로
2026-03-24 14:15:29,178 [INFO]     라운드 시도: 준결승 (rhCd=5)
2026-03-24 14:15:29,746 [INFO]     ✘ 선수 0명 → 다음 라운드로
2026-03-24 14:15:29,746 [INFO]     라운드 시도: 준결승 (rhCd=5)
2026-03-24 14:15:30,306 [INFO]     ✘ 선수 0명 → 다음 라운드로
2026-03-24 14:15:30,306 [INFO]     라운드 시도: 준결승 (rhCd=5)
2026-03-24 14:15:30,872 [INFO]     ✘ 선수 0명 → 다음 라운드로
2026-03-24 14:15:30,872 [INFO]     라운드 시도: 준결승 (rhCd=5)
2026-03-24 14:15:31,442 [INFO]     ✘ 선수 0명 → 다음 라운드로
2026-03-24 14:15:31,443 [INFO]     라운드 시도: 준결승 (rhCd=5)
2026-03-24 14:15:32,002 [INFO]     ✘ 선수 0명 → 다음 라운드로
2026-03-24 14:15:32,003 [INFO]     라운드 시도: 준결승 (rhCd=5)
2026-03-24 14:15:32,603 [INFO]     ✘ 선수 0명 → 다음 라운드로
2026-03-24 14:15:32,603 [INFO]     라운드 시도: 준결승 (rhCd=5)
2026-03-24 14:15:33,168 [INFO]     ✘ 선수 0명 → 다음 라운드로
2026-03-24 14:15:33,168 [INFO]     라운드 시도: 준결승 (rhCd=5)
2026-03-24 14:15:33,727 [INFO]     ✘ 선수 0명 → 다음 라운드로
2026-03-24 14:15:33,727 [INFO]     라운드 시도: 준결승 (rhCd=5)
2026-03-24 14:15:34,310 [INFO]     ✘ 선수 0명 → 다음 라운드로
2026-03-24 14:15:34,310 [INFO]     라운드 시도: 준결승 (rhCd=5)
2026-03-24 14:15:34,881 [INFO]     ✘ 선수 0명 → 다음 라운드로
2026-03-24 14:15:34,881 [INFO]     라운드 시도: 준결승 (rhCd=5)
2026-03-24 14:15:35,454 [INFO]     ✘ 선수 0명 → 다음 라운드로
2026-03-24 14:15:35,455 [INFO]     라운드 시도: 준결승 (rhCd=5)
2026-03-24 14:15:36,025 [INFO]     ✘ 선수 0명 → 다음 라운드로
2026-03-24 14:15:36,025 [INFO]     라운드 시도: 준결승 (rhCd=5)
2026-03-24 14:15:36,585 [INFO]     ✘ 선수 0명 → 다음 라운드로
2026-03-24 14:15:36,586 [INFO]     라운드 시도: 준결승 (rhCd=5)
2026-03-24 14:15:37,150 [INFO]     ✘ 선수 0명 → 다음 라운드로
2026-03-24 14:15:37,151 [INFO]     라운드 시도: 준결승 (rhCd=5)
2026-03-24 14:15:37,713 [INFO]     ✘ 선수 0명 → 다음 라운드로
2026-03-24 14:15:37,713 [INFO]     라운드 시도: 준결승 (rhCd=5)
2026-03-24 14:15:38,277 [INFO]     ✘ 선수 0명 → 다음 라운드로
2026-03-24 14:15:38,277 [INFO]     라운드 시도: 준결승 (rhCd=5)
2026-03-24 14:15:38,842 [INFO]     ✘ 선수 0명 → 다음 라운드로
2026-03-24 14:15:38,842 [INFO]     라운드 시도: 준결승 (rhCd=5)
2026-03-24 14:15:39,406 [INFO]     ✘ 선수 0명 → 다음 라운드로
2026-03-24 14:15:39,407 [INFO]     라운드 시도: 준결승 (rhCd=5)
2026-03-24 14:15:39,962 [INFO]     ✘ 선수 0명 → 다음 라운드로
2026-03-24 14:15:39,963 [INFO]     라운드 시도: 준결승 (rhCd=5)
2026-03-24 14:15:40,539 [INFO]     ✘ 선수 0명 → 다음 라운드로
2026-03-24 14:15:40,540 [INFO]     라운드 시도: 준결승 (rhCd=5)
2026-03-24 14:15:41,105 [INFO]     ✘ 선수 0명 → 다음 라운드로
2026-03-24 14:15:41,106 [INFO]     라운드 시도: 준결승 (rhCd=5)
2026-03-24 14:15:41,671 [INFO]     ✘ 선수 0명 → 다음 라운드로
2026-03-24 14:15:41,672 [INFO]     라운드 시도: 준결승 (rhCd=5)
2026-03-24 14:15:42,238 [INFO]     ✘ 선수 0명 → 다음 라운드로
2026-03-24 14:15:42,238 [INFO]     라운드 시도: 준결승 (rhCd=5)
2026-03-24 14:15:42,873 [INFO]     ✘ 선수 0명 → 다음 라운드로
2026-03-24 14:15:42,873 [INFO]     라운드 시도: 준결승 (rhCd=5)
2026-03-24 14:15:43,442 [INFO]     ✘ 선수 0명 → 다음 라운드로
2026-03-24 14:15:43,442 [INFO]     라운드 시도: 준결승 (rhCd=5)
2026-03-24 14:15:44,009 [INFO]     ✘ 선수 0명 → 다음 라운드로
2026-03-24 14:15:44,009 [INFO]     라운드 시도: 준결승 (rhCd=5)
2026-03-24 14:15:44,576 [INFO]     ✘ 선수 0명 → 다음 라운드로
2026-03-24 14:15:44,576 [INFO]     라운드 시도: 준결승 (rhCd=5)
2026-03-24 14:15:45,147 [INFO]     ✘ 선수 0명 → 다음 라운드로
2026-03-24 14:15:45,148 [INFO]     라운드 시도: 결승B (rhCd=8)
2026-03-24 14:15:45,712 [INFO]     ✘ 선수 0명 → 다음 라운드로
2026-03-24 14:15:45,713 [INFO]     라운드 시도: 결승B (rhCd=8)
2026-03-24 14:15:46,275 [INFO]     ✘ 선수 0명 → 다음 라운드로
2026-03-24 14:15:46,276 [INFO]     라운드 시도: 결승B (rhCd=8)
2026-03-24 14:15:46,845 [INFO]     ✘ 선수 0명 → 다음 라운드로
2026-03-24 14:15:46,845 [INFO]     라운드 시도: 결승B (rhCd=8)
2026-03-24 14:15:47,412 [INFO]     ✘ 선수 0명 → 다음 라운드로
2026-03-24 14:15:47,412 [INFO]     라운드 시도: 결승B (rhCd=8)
2026-03-24 14:15:47,986 [INFO]     ✘ 선수 0명 → 다음 라운드로
2026-03-24 14:15:47,986 [INFO]     라운드 시도: 결승B (rhCd=8)
2026-03-24 14:15:48,543 [INFO]     ✘ 선수 0명 → 다음 라운드로
2026-03-24 14:15:48,543 [INFO]     라운드 시도: 결승B (rhCd=8)
2026-03-24 14:15:49,109 [INFO]     ✘ 선수 0명 → 다음 라운드로
2026-03-24 14:15:49,109 [INFO]     라운드 시도: 결승B (rhCd=8)
2026-03-24 14:15:49,676 [INFO]     ✘ 선수 0명 → 다음 라운드로
2026-03-24 14:15:49,677 [INFO]     라운드 시도: 결승B (rhCd=8)
2026-03-24 14:15:50,240 [INFO]     ✘ 선수 0명 → 다음 라운드로
2026-03-24 14:15:50,240 [INFO]     라운드 시도: 결승B (rhCd=8)
2026-03-24 14:15:50,809 [INFO]     ✘ 선수 0명 → 다음 라운드로
2026-03-24 14:15:50,809 [INFO]     라운드 시도: 결승B (rhCd=8)
2026-03-24 14:15:51,417 [INFO]     ✘ 선수 0명 → 다음 라운드로
2026-03-24 14:15:51,417 [INFO]     라운드 시도: 결승B (rhCd=8)
2026-03-24 14:15:51,987 [INFO]     ✘ 선수 0명 → 다음 라운드로
2026-03-24 14:15:51,988 [INFO]     라운드 시도: 결승B (rhCd=8)
2026-03-24 14:15:52,550 [INFO]     ✘ 선수 0명 → 다음 라운드로
2026-03-24 14:15:52,551 [INFO]     라운드 시도: 결승B (rhCd=8)
2026-03-24 14:15:53,115 [INFO]     ✘ 선수 0명 → 다음 라운드로
2026-03-24 14:15:53,116 [INFO]     라운드 시도: 결승B (rhCd=8)
2026-03-24 14:15:53,676 [INFO]     ✘ 선수 0명 → 다음 라운드로
2026-03-24 14:15:53,677 [INFO]     라운드 시도: 결승B (rhCd=8)
2026-03-24 14:15:54,243 [INFO]     ✘ 선수 0명 → 다음 라운드로
2026-03-24 14:15:54,243 [INFO]     라운드 시도: 결승B (rhCd=8)
2026-03-24 14:15:54,805 [INFO]     ✘ 선수 0명 → 다음 라운드로
2026-03-24 14:15:54,805 [INFO]     라운드 시도: 결승B (rhCd=8)
2026-03-24 14:15:55,370 [INFO]     ✘ 선수 0명 → 다음 라운드로
2026-03-24 14:15:55,370 [INFO]     라운드 시도: 결승B (rhCd=8)
2026-03-24 14:15:56,343 [INFO]     ✘ 선수 0명 → 다음 라운드로
2026-03-24 14:15:56,344 [INFO]     라운드 시도: 결승B (rhCd=8)
2026-03-24 14:15:56,913 [INFO]     ✘ 선수 0명 → 다음 라운드로
2026-03-24 14:15:56,913 [INFO]     라운드 시도: 결승B (rhCd=8)
2026-03-24 14:15:57,487 [INFO]     ✘ 선수 0명 → 다음 라운드로
2026-03-24 14:15:57,487 [INFO]     라운드 시도: 결승B (rhCd=8)
2026-03-24 14:15:58,059 [INFO]     ✘ 선수 0명 → 다음 라운드로
2026-03-24 14:15:58,060 [INFO]     라운드 시도: 결승B (rhCd=8)
2026-03-24 14:15:58,636 [INFO]     ✘ 선수 0명 → 다음 라운드로
2026-03-24 14:15:58,636 [INFO]     라운드 시도: 결승B (rhCd=8)
2026-03-24 14:15:59,202 [INFO]     ✘ 선수 0명 → 다음 라운드로
2026-03-24 14:15:59,202 [INFO]     라운드 시도: 결승B (rhCd=8)
2026-03-24 14:15:59,766 [INFO]     ✘ 선수 0명 → 다음 라운드로
2026-03-24 14:15:59,767 [INFO]     라운드 시도: 결승B (rhCd=8)
2026-03-24 14:16:00,330 [INFO]     ✘ 선수 0명 → 다음 라운드로
2026-03-24 14:16:00,330 [INFO]     라운드 시도: 결승B (rhCd=8)
2026-03-24 14:16:00,953 [INFO]     ✘ 선수 0명 → 다음 라운드로
2026-03-24 14:16:00,953 [INFO]     라운드 시도: 결승B (rhCd=8)
2026-03-24 14:16:01,519 [INFO]     ✘ 선수 0명 → 다음 라운드로
2026-03-24 14:16:01,519 [INFO]     라운드 시도: 결승B (rhCd=8)
2026-03-24 14:16:02,082 [INFO]     ✘ 선수 0명 → 다음 라운드로
2026-03-24 14:16:02,082 [INFO]     라운드 시도: 결승B (rhCd=8)
2026-03-24 14:16:02,644 [INFO]     ✘ 선수 0명 → 다음 라운드로
2026-03-24 14:16:02,644 [INFO]     라운드 시도: 결승B (rhCd=8)
2026-03-24 14:16:03,206 [INFO]     ✘ 선수 0명 → 다음 라운드로
2026-03-24 14:16:03,206 [INFO]     라운드 시도: 결승B (rhCd=8)
2026-03-24 14:16:03,769 [INFO]     ✘ 선수 0명 → 다음 라운드로
2026-03-24 14:16:03,769 [INFO]     라운드 시도: 결승B (rhCd=8)
2026-03-24 14:16:04,333 [INFO]     ✘ 선수 0명 → 다음 라운드로
2026-03-24 14:16:04,333 [INFO]     라운드 시도: 결승B (rhCd=8)
2026-03-24 14:16:04,896 [INFO]     ✘ 선수 0명 → 다음 라운드로
2026-03-24 14:16:04,896 [INFO]     라운드 시도: 결승B (rhCd=8)
2026-03-24 14:16:05,458 [INFO]     ✘ 선수 0명 → 다음 라운드로
2026-03-24 14:16:05,458 [INFO]     라운드 시도: 결승B (rhCd=8)
2026-03-24 14:16:06,017 [INFO]     ✘ 선수 0명 → 다음 라운드로
2026-03-24 14:16:06,017 [INFO]     라운드 시도: 결승 (rhCd=9)
2026-03-24 14:16:06,586 [INFO]     ✔ 유효 라운드 확정: 결승 → 선수 1명
2026-03-24 14:16:06,587 [INFO]   채택 라운드: 결승 | 선수 1명
2026-03-24 14:16:06,593 [INFO]   완료: 신규=0, 중복skip=1
2026-03-24 14:16:06,594 [INFO] ▶ 종별=여자초등3,4학년, 종목=500M
2026-03-24 14:16:07,251 [INFO]     라운드 시도: 예선 (rhCd=1)
2026-03-24 14:16:07,817 [INFO]     ✘ 선수 0명 → 다음 라운드로
2026-03-24 14:16:07,818 [INFO]     라운드 시도: 예선 (rhCd=1)
2026-03-24 14:16:08,381 [INFO]     ✘ 선수 0명 → 다음 라운드로
2026-03-24 14:16:08,381 [INFO]     라운드 시도: 예선 (rhCd=1)
2026-03-24 14:16:08,940 [INFO]     ✘ 선수 0명 → 다음 라운드로
2026-03-24 14:16:08,940 [INFO]     라운드 시도: 예선 (rhCd=1)
2026-03-24 14:16:09,501 [INFO]     ✘ 선수 0명 → 다음 라운드로
2026-03-24 14:16:09,501 [INFO]     라운드 시도: 예선 (rhCd=1)
2026-03-24 14:16:10,072 [INFO]     ✘ 선수 0명 → 다음 라운드로
2026-03-24 14:16:10,073 [INFO]     라운드 시도: 예선 (rhCd=1)
2026-03-24 14:16:10,641 [INFO]     ✘ 선수 0명 → 다음 라운드로
2026-03-24 14:16:10,641 [INFO]     라운드 시도: 예선 (rhCd=1)
2026-03-24 14:16:11,204 [INFO]     ✘ 선수 0명 → 다음 라운드로
2026-03-24 14:16:11,205 [INFO]     라운드 시도: 예선 (rhCd=1)
2026-03-24 14:16:11,763 [INFO]     ✘ 선수 0명 → 다음 라운드로
2026-03-24 14:16:11,764 [INFO]     라운드 시도: 준준결승 (rhCd=4)
2026-03-24 14:16:12,323 [INFO]     ✘ 선수 0명 → 다음 라운드로
2026-03-24 14:16:12,323 [INFO]     라운드 시도: 준준결승 (rhCd=4)
2026-03-24 14:16:12,897 [INFO]     ✘ 선수 0명 → 다음 라운드로
2026-03-24 14:16:12,897 [INFO]     라운드 시도: 준준결승 (rhCd=4)
2026-03-24 14:16:13,463 [INFO]     ✘ 선수 0명 → 다음 라운드로
2026-03-24 14:16:13,463 [INFO]     라운드 시도: 준준결승 (rhCd=4)
2026-03-24 14:16:14,032 [INFO]     ✘ 선수 0명 → 다음 라운드로
2026-03-24 14:16:14,032 [INFO]     라운드 시도: 준준결승 (rhCd=4)
2026-03-24 14:16:14,620 [INFO]     ✔ 유효 라운드 확정: 준준결승 → 선수 16명
2026-03-24 14:16:14,621 [INFO]   채택 라운드: 준준결승 | 선수 16명
2026-03-24 14:16:16,065 [INFO]   NEW: 김연솔 (202307003152) 이력 69건
2026-03-24 14:16:17,122 [INFO]   NEW: 고다흰 (202405005097) 이력 37건
2026-03-24 14:16:18,240 [INFO]   NEW: 서이엘 (202405000851) 이력 17건
2026-03-24 14:16:19,226 [INFO]   NEW: 이민아 (202308010601) 이력 17건
2026-03-24 14:16:20,207 [INFO]   NEW: 박가현 (202405002333) 이력 26건
2026-03-24 14:16:21,325 [INFO]   NEW: 김태희 (202306010288) 이력 38건
2026-03-24 14:16:23,521 [INFO]   NEW: 박서아 (202303024038) 이력 63건
2026-03-24 14:16:24,475 [INFO]   NEW: 이가은 (202405023051) 이력 14건
2026-03-24 14:16:25,954 [INFO]   NEW: 이유주 (202307005466) 이력 56건
2026-03-24 14:16:26,832 [INFO]   NEW: 한지아 (202405003735) 이력 18건
2026-03-24 14:16:27,876 [INFO]   NEW: 추하은 (202306010197) 이력 37건
2026-03-24 14:16:28,835 [INFO]   NEW: 이설희 (202402014834) 이력 18건
2026-03-24 14:16:29,725 [INFO]   NEW: 강소민 (202405000735) 이력 19건
2026-03-24 14:16:30,674 [INFO]   NEW: 곽다혜 (202405001974) 이력 21건
2026-03-24 14:16:31,923 [INFO]   NEW: 이나윤 (202402009916) 이력 32건
2026-03-24 14:16:32,872 [INFO]   NEW: 양서윤 (202408018840) 이력 16건
2026-03-24 14:16:32,876 [INFO]   완료: 신규=16, 중복skip=0
2026-03-24 14:16:32,876 [INFO] ▶ 종별=여자초등3,4학년, 종목=1000M
2026-03-24 14:16:33,516 [INFO]     라운드 시도: 예선 (rhCd=1)
2026-03-24 14:16:34,081 [INFO]     ✘ 선수 0명 → 다음 라운드로
2026-03-24 14:16:34,082 [INFO]     라운드 시도: 예선 (rhCd=1)
2026-03-24 14:16:34,651 [INFO]     ✘ 선수 0명 → 다음 라운드로
2026-03-24 14:16:34,651 [INFO]     라운드 시도: 예선 (rhCd=1)
2026-03-24 14:16:35,228 [INFO]     ✘ 선수 0명 → 다음 라운드로
2026-03-24 14:16:35,229 [INFO]     라운드 시도: 예선 (rhCd=1)
2026-03-24 14:16:35,792 [INFO]     ✘ 선수 0명 → 다음 라운드로
2026-03-24 14:16:35,792 [INFO]     라운드 시도: 예선 (rhCd=1)
2026-03-24 14:16:36,362 [INFO]     ✘ 선수 0명 → 다음 라운드로
2026-03-24 14:16:36,362 [INFO]     라운드 시도: 예선 (rhCd=1)
2026-03-24 14:16:36,920 [INFO]     ✘ 선수 0명 → 다음 라운드로
2026-03-24 14:16:36,920 [INFO]     라운드 시도: 예선 (rhCd=1)
2026-03-24 14:16:37,493 [INFO]     ✘ 선수 0명 → 다음 라운드로
2026-03-24 14:16:37,493 [INFO]     라운드 시도: 예선 (rhCd=1)
2026-03-24 14:16:38,055 [INFO]     ✘ 선수 0명 → 다음 라운드로
2026-03-24 14:16:38,055 [INFO]     라운드 시도: 준준결승 (rhCd=4)
2026-03-24 14:16:38,622 [INFO]     ✘ 선수 0명 → 다음 라운드로
2026-03-24 14:16:38,622 [INFO]     라운드 시도: 준준결승 (rhCd=4)
2026-03-24 14:16:39,187 [INFO]     ✘ 선수 0명 → 다음 라운드로
2026-03-24 14:16:39,187 [INFO]     라운드 시도: 준준결승 (rhCd=4)
2026-03-24 14:16:39,756 [INFO]     ✘ 선수 0명 → 다음 라운드로
2026-03-24 14:16:39,756 [INFO]     라운드 시도: 준준결승 (rhCd=4)
2026-03-24 14:16:40,401 [INFO]     ✘ 선수 0명 → 다음 라운드로
2026-03-24 14:16:40,402 [INFO]     라운드 시도: 준준결승 (rhCd=4)
2026-03-24 14:16:40,980 [INFO]     ✔ 유효 라운드 확정: 준준결승 → 선수 16명
2026-03-24 14:16:40,980 [INFO]   채택 라운드: 준준결승 | 선수 16명
2026-03-24 14:16:40,995 [INFO]   완료: 신규=0, 중복skip=16
2026-03-24 14:16:40,996 [INFO] ▶ 종별=여자초등3,4학년, 종목=1500M
2026-03-24 14:16:41,677 [INFO]     라운드 시도: 예선 (rhCd=1)
2026-03-24 14:16:42,233 [INFO]     ✘ 선수 0명 → 다음 라운드로
2026-03-24 14:16:42,234 [INFO]     라운드 시도: 예선 (rhCd=1)
2026-03-24 14:16:42,802 [INFO]     ✘ 선수 0명 → 다음 라운드로
2026-03-24 14:16:42,802 [INFO]     라운드 시도: 예선 (rhCd=1)
2026-03-24 14:16:43,367 [INFO]     ✘ 선수 0명 → 다음 라운드로
2026-03-24 14:16:43,368 [INFO]     라운드 시도: 예선 (rhCd=1)
2026-03-24 14:16:43,940 [INFO]     ✘ 선수 0명 → 다음 라운드로
2026-03-24 14:16:43,940 [INFO]     라운드 시도: 예선 (rhCd=1)
2026-03-24 14:16:44,504 [INFO]     ✘ 선수 0명 → 다음 라운드로
2026-03-24 14:16:44,504 [INFO]     라운드 시도: 예선 (rhCd=1)
2026-03-24 14:16:45,063 [INFO]     ✘ 선수 0명 → 다음 라운드로
2026-03-24 14:16:45,063 [INFO]     라운드 시도: 예선 (rhCd=1)
2026-03-24 14:16:45,623 [INFO]     ✘ 선수 0명 → 다음 라운드로
2026-03-24 14:16:45,624 [INFO]     라운드 시도: 예선 (rhCd=1)
2026-03-24 14:16:46,183 [INFO]     ✘ 선수 0명 → 다음 라운드로
2026-03-24 14:16:46,184 [INFO]     라운드 시도: 준준결승 (rhCd=4)
2026-03-24 14:16:46,750 [INFO]     ✘ 선수 0명 → 다음 라운드로
2026-03-24 14:16:46,750 [INFO]     라운드 시도: 준준결승 (rhCd=4)
2026-03-24 14:16:47,314 [INFO]     ✘ 선수 0명 → 다음 라운드로
2026-03-24 14:16:47,315 [INFO]     라운드 시도: 준준결승 (rhCd=4)
2026-03-24 14:16:47,886 [INFO]     ✘ 선수 0명 → 다음 라운드로
2026-03-24 14:16:47,886 [INFO]     라운드 시도: 준준결승 (rhCd=4)
2026-03-24 14:16:48,448 [INFO]     ✘ 선수 0명 → 다음 라운드로
2026-03-24 14:16:48,448 [INFO]     라운드 시도: 준준결승 (rhCd=4)
2026-03-24 14:16:49,023 [INFO]     ✔ 유효 라운드 확정: 준준결승 → 선수 16명
2026-03-24 14:16:49,023 [INFO]   채택 라운드: 준준결승 | 선수 16명
2026-03-24 14:16:49,037 [INFO]   완료: 신규=0, 중복skip=16
2026-03-24 14:16:49,038 [INFO] ▶ 종별=여자초등5,6학년, 종목=500M
2026-03-24 14:16:49,663 [INFO]     라운드 시도: 예선 (rhCd=1)
2026-03-24 14:16:50,224 [INFO]     ✘ 선수 0명 → 다음 라운드로
2026-03-24 14:16:50,225 [INFO]     라운드 시도: 예선 (rhCd=1)
2026-03-24 14:16:50,789 [INFO]     ✘ 선수 0명 → 다음 라운드로
2026-03-24 14:16:50,789 [INFO]     라운드 시도: 예선 (rhCd=1)
2026-03-24 14:16:51,364 [INFO]     ✘ 선수 0명 → 다음 라운드로
2026-03-24 14:16:51,364 [INFO]     라운드 시도: 예선 (rhCd=1)
2026-03-24 14:16:51,933 [INFO]     ✘ 선수 0명 → 다음 라운드로
2026-03-24 14:16:51,933 [INFO]     라운드 시도: 예선 (rhCd=1)
2026-03-24 14:16:52,504 [INFO]     ✘ 선수 0명 → 다음 라운드로
2026-03-24 14:16:52,505 [INFO]     라운드 시도: 예선 (rhCd=1)
2026-03-24 14:16:53,068 [INFO]     ✘ 선수 0명 → 다음 라운드로
2026-03-24 14:16:53,068 [INFO]     라운드 시도: 예선 (rhCd=1)
2026-03-24 14:16:53,634 [INFO]     ✘ 선수 0명 → 다음 라운드로
2026-03-24 14:16:53,635 [INFO]     라운드 시도: 예선 (rhCd=1)
2026-03-24 14:16:54,196 [INFO]     ✘ 선수 0명 → 다음 라운드로
2026-03-24 14:16:54,197 [INFO]     라운드 시도: 준준결승 (rhCd=4)
2026-03-24 14:16:54,755 [INFO]     ✘ 선수 0명 → 다음 라운드로
2026-03-24 14:16:54,755 [INFO]     라운드 시도: 준준결승 (rhCd=4)
2026-03-24 14:16:55,316 [INFO]     ✘ 선수 0명 → 다음 라운드로
2026-03-24 14:16:55,316 [INFO]     라운드 시도: 준준결승 (rhCd=4)
2026-03-24 14:16:55,887 [INFO]     ✘ 선수 0명 → 다음 라운드로
2026-03-24 14:16:55,888 [INFO]     라운드 시도: 준준결승 (rhCd=4)
2026-03-24 14:16:56,457 [INFO]     ✘ 선수 0명 → 다음 라운드로
2026-03-24 14:16:56,457 [INFO]     라운드 시도: 준준결승 (rhCd=4)
2026-03-24 14:16:57,031 [INFO]     ✔ 유효 라운드 확정: 준준결승 → 선수 19명
2026-03-24 14:16:57,032 [INFO]   채택 라운드: 준준결승 | 선수 19명
2026-03-24 14:16:58,283 [INFO]   NEW: 김지안 (202405000622) 이력 54건
2026-03-24 14:16:59,319 [INFO]   NEW: 유지안 (202306009967) 이력 28건
2026-03-24 14:17:01,296 [INFO]   NEW: 박하랑 (202109000719) 이력 113건
2026-03-24 14:17:02,224 [INFO]   NEW: 유채은 (202412000661) 이력 18건
2026-03-24 14:17:03,376 [INFO]   NEW: 고다하 (202405005056) 이력 28건
2026-03-24 14:17:04,813 [INFO]   NEW: 김세원 (202304048646) 이력 70건
2026-03-24 14:17:06,245 [INFO]   NEW: 김연우 (202207005270) 이력 62건
2026-03-24 14:17:07,302 [INFO]   NEW: 양지유 (202308013763) 이력 21건
2026-03-24 14:17:08,561 [INFO]   NEW: 이채아 (202306009189) 이력 51건
2026-03-24 14:17:10,049 [INFO]   NEW: 윤재아 (202207007112) 이력 68건
2026-03-24 14:17:11,310 [INFO]   NEW: 강윤서 (202306010040) 이력 31건
2026-03-24 14:17:12,474 [INFO]   NEW: 장서윤 (202208018640) 이력 43건
2026-03-24 14:17:13,416 [INFO]   NEW: 김소율 (202208020782) 이력 17건
2026-03-24 14:17:14,429 [INFO]   NEW: 남연후 (202306011532) 이력 30건
2026-03-24 14:17:15,371 [INFO]   NEW: 홍이재 (202310007315) 이력 18건
2026-03-24 14:17:16,384 [INFO]   NEW: 곽혜원 (202306011806) 이력 28건
2026-03-24 14:17:17,396 [INFO]   NEW: 이소윤 (202307001800) 이력 30건
2026-03-24 14:17:18,356 [INFO]   NEW: 백이슬 (202306011857) 이력 26건
2026-03-24 14:17:19,567 [INFO]   NEW: 김가빈 (202305000551) 이력 56건
2026-03-24 14:17:19,571 [INFO]   완료: 신규=19, 중복skip=0
2026-03-24 14:17:19,571 [INFO] ▶ 종별=여자초등5,6학년, 종목=1000M
2026-03-24 14:17:20,237 [INFO]     라운드 시도: 예선 (rhCd=1)
2026-03-24 14:17:20,801 [INFO]     ✘ 선수 0명 → 다음 라운드로
2026-03-24 14:17:20,802 [INFO]     라운드 시도: 예선 (rhCd=1)
2026-03-24 14:17:21,370 [INFO]     ✘ 선수 0명 → 다음 라운드로
2026-03-24 14:17:21,370 [INFO]     라운드 시도: 예선 (rhCd=1)
2026-03-24 14:17:21,935 [INFO]     ✘ 선수 0명 → 다음 라운드로
2026-03-24 14:17:21,935 [INFO]     라운드 시도: 예선 (rhCd=1)
2026-03-24 14:17:22,493 [INFO]     ✘ 선수 0명 → 다음 라운드로
2026-03-24 14:17:22,493 [INFO]     라운드 시도: 예선 (rhCd=1)
2026-03-24 14:17:23,053 [INFO]     ✘ 선수 0명 → 다음 라운드로
2026-03-24 14:17:23,053 [INFO]     라운드 시도: 예선 (rhCd=1)
2026-03-24 14:17:23,615 [INFO]     ✘ 선수 0명 → 다음 라운드로
2026-03-24 14:17:23,615 [INFO]     라운드 시도: 예선 (rhCd=1)
2026-03-24 14:17:24,179 [INFO]     ✘ 선수 0명 → 다음 라운드로
2026-03-24 14:17:24,180 [INFO]     라운드 시도: 예선 (rhCd=1)
2026-03-24 14:17:24,753 [INFO]     ✘ 선수 0명 → 다음 라운드로
2026-03-24 14:17:24,753 [INFO]     라운드 시도: 준준결승 (rhCd=4)
2026-03-24 14:17:25,319 [INFO]     ✘ 선수 0명 → 다음 라운드로
2026-03-24 14:17:25,319 [INFO]     라운드 시도: 준준결승 (rhCd=4)
2026-03-24 14:17:25,884 [INFO]     ✘ 선수 0명 → 다음 라운드로
2026-03-24 14:17:25,884 [INFO]     라운드 시도: 준준결승 (rhCd=4)
2026-03-24 14:17:26,453 [INFO]     ✘ 선수 0명 → 다음 라운드로
2026-03-24 14:17:26,453 [INFO]     라운드 시도: 준준결승 (rhCd=4)
2026-03-24 14:17:27,023 [INFO]     ✘ 선수 0명 → 다음 라운드로
2026-03-24 14:17:27,023 [INFO]     라운드 시도: 준준결승 (rhCd=4)
2026-03-24 14:17:27,633 [INFO]     ✔ 유효 라운드 확정: 준준결승 → 선수 19명
2026-03-24 14:17:27,633 [INFO]   채택 라운드: 준준결승 | 선수 19명
2026-03-24 14:17:27,645 [INFO]   완료: 신규=0, 중복skip=19
2026-03-24 14:17:27,646 [INFO] ▶ 종별=여자초등5,6학년, 종목=1500M
2026-03-24 14:17:28,276 [INFO]     라운드 시도: 예선 (rhCd=1)
2026-03-24 14:17:28,842 [INFO]     ✘ 선수 0명 → 다음 라운드로
2026-03-24 14:17:28,842 [INFO]     라운드 시도: 예선 (rhCd=1)
2026-03-24 14:17:29,415 [INFO]     ✘ 선수 0명 → 다음 라운드로
2026-03-24 14:17:29,415 [INFO]     라운드 시도: 예선 (rhCd=1)
2026-03-24 14:17:29,981 [INFO]     ✘ 선수 0명 → 다음 라운드로
2026-03-24 14:17:29,981 [INFO]     라운드 시도: 예선 (rhCd=1)
2026-03-24 14:17:30,550 [INFO]     ✘ 선수 0명 → 다음 라운드로
2026-03-24 14:17:30,551 [INFO]     라운드 시도: 예선 (rhCd=1)
2026-03-24 14:17:31,116 [INFO]     ✘ 선수 0명 → 다음 라운드로
2026-03-24 14:17:31,116 [INFO]     라운드 시도: 예선 (rhCd=1)
2026-03-24 14:17:31,679 [INFO]     ✘ 선수 0명 → 다음 라운드로
2026-03-24 14:17:31,680 [INFO]     라운드 시도: 예선 (rhCd=1)
2026-03-24 14:17:32,243 [INFO]     ✘ 선수 0명 → 다음 라운드로
2026-03-24 14:17:32,243 [INFO]     라운드 시도: 예선 (rhCd=1)
2026-03-24 14:17:32,806 [INFO]     ✘ 선수 0명 → 다음 라운드로
2026-03-24 14:17:32,806 [INFO]     라운드 시도: 준준결승 (rhCd=4)
2026-03-24 14:17:33,379 [INFO]     ✘ 선수 0명 → 다음 라운드로
2026-03-24 14:17:33,379 [INFO]     라운드 시도: 준준결승 (rhCd=4)
2026-03-24 14:17:33,952 [INFO]     ✘ 선수 0명 → 다음 라운드로
2026-03-24 14:17:33,952 [INFO]     라운드 시도: 준준결승 (rhCd=4)
2026-03-24 14:17:34,523 [INFO]     ✘ 선수 0명 → 다음 라운드로
2026-03-24 14:17:34,524 [INFO]     라운드 시도: 준준결승 (rhCd=4)
2026-03-24 14:17:35,091 [INFO]     ✘ 선수 0명 → 다음 라운드로
2026-03-24 14:17:35,091 [INFO]     라운드 시도: 준준결승 (rhCd=4)
2026-03-24 14:17:35,666 [INFO]     ✔ 유효 라운드 확정: 준준결승 → 선수 19명
2026-03-24 14:17:35,667 [INFO]   채택 라운드: 준준결승 | 선수 19명
2026-03-24 14:17:35,679 [INFO]   완료: 신규=0, 중복skip=19
2026-03-24 14:17:35,679 [INFO] 
===== 수집 완료 ===== 총 신규=233, 총 skip=0
